,Date,INR=X
0,2017-01-02,67.9448013305664
1,2017-01-03,68.13390350341797
2,2017-01-04,68.2697982788086
3,2017-01-05,67.885498046875
4,2017-01-06,67.73300170898438
5,2017-01-09,68.1426010131836
6,2017-01-10,68.09700012207031
7,2017-01-11,68.31800079345703
8,2017-01-12,68.13999938964844
9,2017-01-13,68.12950134277344
10,2017-01-16,68.15779876708984
11,2017-01-17,68.09459686279297
12,2017-01-18,67.89949798583984
13,2017-01-19,68.197998046875
14,2017-01-20,68.09030151367188
15,2017-01-23,68.07720184326172
16,2017-01-24,68.05139923095703
17,2017-01-25,68.16449737548828
18,2017-01-26,67.9729995727539
19,2017-01-27,68.14900207519531
20,2017-01-30,68.11000061035156
21,2017-01-31,67.82099914550781
22,2017-02-01,67.50160217285156
23,2017-02-02,67.39540100097656
24,2017-02-03,67.2656021118164
25,2017-02-06,67.15730285644531
26,2017-02-07,67.19529724121094
27,2017-02-08,67.34049987792969
28,2017-02-09,66.96430206298828
29,2017-02-10,66.74530029296875
30,2017-02-13,66.84369659423828
31,2017-02-14,66.91539764404297
32,2017-02-15,66.7759017944336
33,2017-02-16,66.8655014038086
34,2017-02-17,67.16480255126953
35,2017-02-20,67.06520080566406
36,2017-02-21,66.96499633789062
37,2017-02-22,66.96510314941406
38,2017-02-23,66.91429901123047
39,2017-02-24,66.68280029296875
40,2017-02-27,66.63500213623047
41,2017-02-28,66.69319915771484
42,2017-03-01,66.7051010131836
43,2017-03-02,66.85800170898438
44,2017-03-03,66.84510040283203
45,2017-03-06,66.77300262451172
46,2017-03-07,66.66470336914062
47,2017-03-08,66.61620330810547
48,2017-03-09,66.76499938964844
49,2017-03-10,66.68049621582031
50,2017-03-13,66.48500061035156
51,2017-03-14,66.17009735107422
52,2017-03-15,65.77510070800781
53,2017-03-16,65.62049865722656
54,2017-03-17,65.40450286865234
55,2017-03-20,65.46810150146484
56,2017-03-21,65.33529663085938
57,2017-03-22,65.49500274658203
58,2017-03-23,65.36499786376953
59,2017-03-24,65.44439697265625
60,2017-03-27,65.39309692382812
61,2017-03-28,65.04499816894531
62,2017-03-29,65.11000061035156
63,2017-03-30,64.77999877929688
64,2017-03-31,64.79000091552734
65,2017-04-03,64.79669952392578
66,2017-04-04,64.87750244140625
67,2017-04-05,65.05000305175781
68,2017-04-06,65.04000091552734
69,2017-04-07,64.58000183105469
70,2017-04-10,64.26000213623047
71,2017-04-11,64.57499694824219
72,2017-04-12,64.62999725341797
73,2017-04-13,64.5
74,2017-04-14,64.44999694824219
75,2017-04-17,64.45369720458984
76,2017-04-18,64.4083023071289
77,2017-04-19,64.56999969482422
78,2017-04-20,64.64669799804688
79,2017-04-21,64.66000366210938
80,2017-04-24,64.63999938964844
81,2017-04-25,64.38999938964844
82,2017-04-26,64.3499984741211
83,2017-04-27,64.0199966430664
84,2017-04-28,64.05999755859375
85,2017-05-01,64.25830078125
86,2017-05-02,64.18000030517578
87,2017-05-03,64.06999969482422
88,2017-05-04,64.20999908447266
89,2017-05-05,64.16999816894531
90,2017-05-08,64.30799865722656
91,2017-05-09,64.41179656982422
92,2017-05-10,64.63999938964844
93,2017-05-11,64.55000305175781
94,2017-05-12,64.36000061035156
95,2017-05-15,64.16549682617188
96,2017-05-16,64.03829956054688
97,2017-05-17,63.900001525878906
98,2017-05-18,64.2300033569336
99,2017-05-19,64.87110137939453
100,2017-05-22,64.44850158691406
101,2017-05-23,64.50019836425781
102,2017-05-24,64.88520050048828
103,2017-05-25,64.76010131835938
104,2017-05-26,64.54540252685547
105,2017-05-29,64.51319885253906
106,2017-05-30,64.50859832763672
107,2017-05-31,64.61859893798828
108,2017-06-01,64.5000991821289
109,2017-06-02,64.37229919433594
110,2017-06-05,64.40499877929688
111,2017-06-06,64.34400177001953
112,2017-06-07,64.42050170898438
113,2017-06-08,64.41829681396484
114,2017-06-09,64.243896484375
115,2017-06-12,64.37699890136719
116,2017-06-13,64.46910095214844
117,2017-06-14,64.35749816894531
118,2017-06-15,64.16580200195312
119,2017-06-16,64.55999755859375
120,2017-06-19,64.3949966430664
121,2017-06-20,64.48760223388672
122,2017-06-21,64.53050231933594
123,2017-06-22,64.5416030883789
124,2017-06-23,64.59100341796875
125,2017-06-26,64.49800109863281
126,2017-06-27,64.42130279541016
127,2017-06-28,64.5248031616211
128,2017-06-29,64.51190185546875
129,2017-06-30,64.78510284423828
130,2017-07-03,64.60679626464844
131,2017-07-04,64.84269714355469
132,2017-07-05,64.7688980102539
133,2017-07-06,64.79139709472656
134,2017-07-07,64.71330261230469
135,2017-07-10,64.61170196533203
136,2017-07-12,64.52559661865234
137,2017-07-13,64.36499786376953
138,2017-07-14,64.42579650878906
139,2017-07-17,64.26730346679688
140,2017-07-18,64.33000183105469
141,2017-07-19,64.3062973022461
142,2017-07-20,64.26329803466797
143,2017-07-21,64.32499694824219
144,2017-07-24,64.46109771728516
145,2017-07-25,64.36509704589844
146,2017-07-26,64.4469985961914
147,2017-07-27,64.3447036743164
148,2017-07-28,64.18499755859375
149,2017-07-31,64.12349700927734
150,2017-08-01,64.18949890136719
151,2017-08-02,64.05580139160156
152,2017-08-03,63.64059829711914
153,2017-08-04,63.696998596191406
154,2017-08-07,63.66510009765625
155,2017-08-08,63.8301010131836
156,2017-08-09,63.70289993286133
157,2017-08-10,63.88769912719727
158,2017-08-11,64.13860321044922
159,2017-08-14,64.08100128173828
160,2017-08-15,64.17430114746094
161,2017-08-16,64.26300048828125
162,2017-08-17,64.1604995727539
163,2017-08-18,64.18890380859375
164,2017-08-21,64.07589721679688
165,2017-08-22,64.15750122070312
166,2017-08-23,64.05750274658203
167,2017-08-24,64.00499725341797
168,2017-08-25,64.03500366210938
169,2017-08-28,63.99549865722656
170,2017-08-29,63.78929901123047
171,2017-08-30,63.98680114746094
172,2017-08-31,63.976200103759766
173,2017-09-01,63.91189956665039
174,2017-09-04,64.0155029296875
175,2017-09-05,64.02629852294922
176,2017-09-06,64.0999984741211
177,2017-09-07,64.0154037475586
178,2017-09-08,63.95009994506836
179,2017-09-11,63.930999755859375
180,2017-09-12,63.97999954223633
181,2017-09-13,63.98759841918945
182,2017-09-14,64.11509704589844
183,2017-09-15,64.15499877929688
184,2017-09-18,64.12020111083984
185,2017-09-19,64.2146987915039
186,2017-09-20,64.29869842529297
187,2017-09-21,64.28369903564453
188,2017-09-22,64.80229949951172
189,2017-09-25,64.89099884033203
190,2017-09-26,65.26509857177734
191,2017-09-27,65.3499984741211
192,2017-09-28,65.5250015258789
193,2017-09-29,65.36000061035156
194,2017-10-02,65.29329681396484
195,2017-10-03,65.57170104980469
196,2017-10-04,65.44309997558594
197,2017-10-05,65.01950073242188
198,2017-10-06,65.20999908447266
199,2017-10-09,65.41419982910156
200,2017-10-10,65.41459655761719
201,2017-10-11,65.23889923095703
202,2017-10-12,65.20539855957031
203,2017-10-13,65.0459976196289
204,2017-10-16,64.6729965209961
205,2017-10-17,64.6946029663086
206,2017-10-18,64.92870330810547
207,2017-10-19,65.04010009765625
208,2017-10-20,64.90460205078125
209,2017-10-23,65.1041030883789
210,2017-10-24,65.03489685058594
211,2017-10-25,65.07949829101562
212,2017-10-26,64.83999633789062
213,2017-10-27,64.5999984741211
214,2017-10-30,64.87339782714844
215,2017-10-31,64.84239959716797
216,2017-11-01,64.67009735107422
217,2017-11-02,64.55509948730469
218,2017-11-03,64.50050354003906
219,2017-11-06,64.69339752197266
220,2017-11-07,64.59089660644531
221,2017-11-08,65.16449737548828
222,2017-11-09,64.9104995727539
223,2017-11-10,64.96800231933594
224,2017-11-13,65.1603012084961
225,2017-11-14,65.43840026855469
226,2017-11-15,65.41339874267578
227,2017-11-17,65.20999908447266
228,2017-11-20,64.90499877929688
229,2017-11-21,65.0250015258789
230,2017-11-22,64.76129913330078
231,2017-11-23,64.7699966430664
232,2017-11-24,64.57939910888672
233,2017-11-27,64.54499816894531
234,2017-11-28,64.43389892578125
235,2017-11-29,64.47000122070312
236,2017-11-30,64.41480255126953
237,2017-12-01,64.49939727783203
238,2017-12-04,64.50900268554688
239,2017-12-05,64.35140228271484
240,2017-12-06,64.35690307617188
241,2017-12-07,64.51519775390625
242,2017-12-08,64.54239654541016
243,2017-12-11,64.4729995727539
244,2017-12-12,64.3499984741211
245,2017-12-13,64.55000305175781
246,2017-12-14,64.31999969482422
247,2017-12-15,64.2750015258789
248,2017-12-18,64.07230377197266
249,2017-12-19,64.20010375976562
250,2017-12-20,64.04759979248047
251,2017-12-21,63.96500015258789
252,2017-12-22,64.00969696044922
253,2017-12-25,64.00779724121094
254,2017-12-26,64.010498046875
255,2017-12-27,64.0281982421875
256,2017-12-28,64.11499786376953
257,2017-12-29,64.06199645996094
258,2018-01-01,63.84080123901367
259,2018-01-02,63.86759948730469
260,2018-01-03,63.459999084472656
261,2018-01-04,63.41910171508789
262,2018-01-05,63.36959838867188
263,2018-01-08,63.26499938964844
264,2018-01-09,63.45199966430664
265,2018-01-10,63.63610076904297
266,2018-01-11,63.7599983215332
267,2018-01-12,63.67210006713867
268,2018-01-15,63.5885009765625
269,2018-01-16,63.52119827270508
270,2018-01-17,63.99430084228516
271,2018-01-18,63.82500076293945
272,2018-01-19,63.86759948730469
273,2018-01-22,63.83209991455078
274,2018-01-23,63.88010025024414
275,2018-01-24,63.7504997253418
276,2018-01-25,63.57789993286133
277,2018-01-26,63.57310104370117
278,2018-01-29,63.56999969482422
279,2018-01-30,63.66939926147461
280,2018-01-31,63.769901275634766
281,2018-02-01,63.665000915527344
282,2018-02-02,63.97499847412109
283,2018-02-05,64.13249969482422
284,2018-02-06,64.314697265625
285,2018-02-07,63.97999954223633
286,2018-02-08,64.19999694824219
287,2018-02-09,64.44049835205078
288,2018-02-12,64.2113037109375
289,2018-02-13,64.28350067138672
290,2018-02-14,64.2500991821289
291,2018-02-15,64.02519989013672
292,2018-02-16,63.890899658203125
293,2018-02-19,64.37999725341797
294,2018-02-20,64.50499725341797
295,2018-02-21,64.86499786376953
296,2018-02-22,64.8949966430664
297,2018-02-23,64.95140075683594
298,2018-02-26,64.7030029296875
299,2018-02-27,64.78040313720703
300,2018-02-28,64.91000366210938
301,2018-03-01,65.23999786376953
302,2018-03-02,65.1500015258789
303,2018-03-05,65.18669891357422
304,2018-03-06,65.00370025634766
305,2018-03-07,64.88999938964844
306,2018-03-08,64.89119720458984
307,2018-03-09,65.09040069580078
308,2018-03-12,64.96489715576172
309,2018-03-13,64.94550323486328
310,2018-03-14,64.8281021118164
311,2018-03-15,64.83679962158203
312,2018-03-16,65.01439666748047
313,2018-03-19,65.06500244140625
314,2018-03-20,65.21009826660156
315,2018-03-21,65.2323989868164
316,2018-03-22,65.06559753417969
317,2018-03-23,65.16000366210938
318,2018-03-26,65.01499938964844
319,2018-03-27,64.69499969482422
320,2018-03-28,64.89550018310547
321,2018-03-29,65.14920043945312
322,2018-03-30,65.02999877929688
323,2018-04-02,65.10549926757812
324,2018-04-03,65.13999938964844
325,2018-04-04,64.90499877929688
326,2018-04-05,64.99500274658203
327,2018-04-06,64.86150360107422
328,2018-04-09,64.90450286865234
329,2018-04-10,64.87000274658203
330,2018-04-11,64.92530059814453
331,2018-04-12,65.19000244140625
332,2018-04-13,65.27570343017578
333,2018-04-16,65.19560241699219
334,2018-04-17,65.4292984008789
335,2018-04-18,65.67500305175781
336,2018-04-19,66.01000213623047
337,2018-04-20,66.11479949951172
338,2018-04-23,66.1968994140625
339,2018-04-24,66.54499816894531
340,2018-04-25,66.41410064697266
341,2018-04-26,66.90769958496094
342,2018-04-27,66.9000015258789
343,2018-04-30,66.61000061035156
344,2018-05-01,66.44999694824219
345,2018-05-02,66.7886962890625
346,2018-05-03,67.08000183105469
347,2018-05-04,66.66000366210938
348,2018-05-07,66.81050109863281
349,2018-05-08,67.1187973022461
350,2018-05-09,67.1624984741211
351,2018-05-10,67.62000274658203
352,2018-05-11,67.38999938964844
353,2018-05-14,67.3822021484375
354,2018-05-15,67.6780014038086
355,2018-05-16,68.45999908447266
356,2018-05-17,68.05999755859375
357,2018-05-18,68.13999938964844
358,2018-05-21,67.9749984741211
359,2018-05-22,68.4000015258789
360,2018-05-23,68.43000030517578
361,2018-05-24,68.6500015258789
362,2018-05-25,68.26010131835938
363,2018-05-28,67.7217025756836
364,2018-05-29,67.40280151367188
365,2018-05-30,68.12999725341797
366,2018-05-31,67.43000030517578
367,2018-06-01,67.43499755859375
368,2018-06-04,66.92500305175781
369,2018-06-05,67.05999755859375
370,2018-06-06,67.08999633789062
371,2018-06-07,66.8301010131836
372,2018-06-08,67.41000366210938
373,2018-06-11,67.51000213623047
374,2018-06-12,67.48999786376953
375,2018-06-13,67.91000366210938
376,2018-06-14,67.77999877929688
377,2018-06-15,68.12999725341797
378,2018-06-18,68.05000305175781
379,2018-06-19,68.01000213623047
380,2018-06-20,68.05000305175781
381,2018-06-21,68.3499984741211
382,2018-06-22,67.83000183105469
383,2018-06-25,67.85489654541016
384,2018-06-26,68.33999633789062
385,2018-06-27,68.36499786376953
386,2018-06-28,69.23999786376953
387,2018-06-29,68.79669952392578
388,2018-07-02,68.43499755859375
389,2018-07-03,68.6948013305664
390,2018-07-04,68.83000183105469
391,2018-07-05,68.9800033569336
392,2018-07-06,69.06999969482422
393,2018-07-09,68.75499725341797
394,2018-07-10,68.65979766845703
395,2018-07-11,68.9000015258789
396,2018-07-12,68.72000122070312
397,2018-07-13,68.54000091552734
398,2018-07-16,68.48670196533203
399,2018-07-17,68.72000122070312
400,2018-07-18,68.35600280761719
401,2018-07-19,68.6155014038086
402,2018-07-20,68.93509674072266
403,2018-07-23,68.7332992553711
404,2018-07-24,69.19999694824219
405,2018-07-25,68.80999755859375
406,2018-07-26,68.83999633789062
407,2018-07-27,68.73999786376953
408,2018-07-30,68.61499786376953
409,2018-07-31,68.68499755859375
410,2018-08-01,68.4968032836914
411,2018-08-02,68.30709838867188
412,2018-08-03,68.6155014038086
413,2018-08-06,68.50499725341797
414,2018-08-07,68.80999755859375
415,2018-08-08,68.59600067138672
416,2018-08-09,68.45500183105469
417,2018-08-10,69.0999984741211
418,2018-08-13,69.08499908447266
419,2018-08-14,69.9490966796875
420,2018-08-15,69.94999694824219
421,2018-08-16,70.66000366210938
422,2018-08-17,70.00499725341797
423,2018-08-20,69.78500366210938
424,2018-08-21,69.73999786376953
425,2018-08-22,69.80999755859375
426,2018-08-23,69.79000091552734
427,2018-08-24,70.2750015258789
428,2018-08-27,69.76499938964844
429,2018-08-28,69.94499969482422
430,2018-08-29,70.54000091552734
431,2018-08-30,70.91000366210938
432,2018-08-31,71.40499877929688
433,2018-09-03,70.99500274658203
434,2018-09-04,71.06999969482422
435,2018-09-05,71.75
436,2018-09-06,71.88999938964844
437,2018-09-07,71.93890380859375
438,2018-09-10,72.09500122070312
439,2018-09-11,72.44499969482422
440,2018-09-12,72.98999786376953
441,2018-09-13,71.92520141601562
442,2018-09-14,72.02749633789062
443,2018-09-17,72.09500122070312
444,2018-09-18,72.53479766845703
445,2018-09-19,73.12000274658203
446,2018-09-20,72.34500122070312
447,2018-09-21,71.72000122070312
448,2018-09-24,72.2300033569336
449,2018-09-25,73.30000305175781
450,2018-09-26,73.08999633789062
451,2018-09-27,72.7699966430664
452,2018-09-28,72.94999694824219
453,2018-10-01,72.50499725341797
454,2018-10-02,73.75499725341797
455,2018-10-03,73.27999877929688
456,2018-10-04,73.8499984741211
457,2018-10-05,74.22000122070312
458,2018-10-08,73.76300048828125
459,2018-10-09,73.88999938964844
460,2018-10-10,74.55000305175781
461,2018-10-11,74.5999984741211
462,2018-10-12,74.16000366210938
463,2018-10-15,73.6760025024414
464,2018-10-16,74.08000183105469
465,2018-10-17,73.45549774169922
466,2018-10-18,73.91999816894531
467,2018-10-19,74.16000366210938
468,2018-10-22,73.46499633789062
469,2018-10-23,73.8594970703125
470,2018-10-24,73.22129821777344
471,2018-10-25,73.22049713134766
472,2018-10-26,73.22019958496094
473,2018-10-29,73.125
474,2018-10-30,73.5905990600586
475,2018-10-31,73.6500015258789
476,2018-11-01,74.06999969482422
477,2018-11-02,73.30999755859375
478,2018-11-05,72.90499877929688
479,2018-11-06,72.86000061035156
480,2018-11-07,73.2300033569336
481,2018-11-08,72.37999725341797
482,2018-11-09,72.9000015258789
483,2018-11-12,72.47000122070312
484,2018-11-13,73.18000030517578
485,2018-11-14,72.55000305175781
486,2018-11-15,72.4000015258789
487,2018-11-16,71.8917007446289
488,2018-11-19,71.7750015258789
489,2018-11-20,71.69000244140625
490,2018-11-21,71.41500091552734
491,2018-11-22,71.29499816894531
492,2018-11-23,70.83499908447266
493,2018-11-26,70.66999816894531
494,2018-11-27,70.80999755859375
495,2018-11-28,70.87999725341797
496,2018-11-29,70.5999984741211
497,2018-11-30,69.91999816894531
498,2018-12-03,69.76000213623047
499,2018-12-04,70.48500061035156
500,2018-12-05,70.62999725341797
501,2018-12-06,70.87000274658203
502,2018-12-07,70.75
503,2018-12-10,71.36499786376953
504,2018-12-11,72.7300033569336
505,2018-12-12,72.62000274658203
506,2018-12-13,72.1500015258789
507,2018-12-14,71.5469970703125
508,2018-12-17,71.91000366210938
509,2018-12-18,71.58999633789062
510,2018-12-19,70.56999969482422
511,2018-12-20,70.68550109863281
512,2018-12-21,70.30000305175781
513,2018-12-24,70.13999938964844
514,2018-12-25,70.23999786376953
515,2018-12-26,70.23999786376953
516,2018-12-27,70.1500015258789
517,2018-12-28,69.98999786376953
518,2018-12-31,69.92250061035156
519,2019-01-01,69.70999908447266
520,2019-01-02,69.70999908447266
521,2019-01-03,69.95999908447266
522,2019-01-04,70.30000305175781
523,2019-01-07,69.5250015258789
524,2019-01-08,69.80999755859375
525,2019-01-09,70.33000183105469
526,2019-01-10,70.55049896240234
527,2019-01-11,70.72000122070312
528,2019-01-14,70.37000274658203
529,2019-01-15,71.08499908447266
530,2019-01-16,71.09249877929688
531,2019-01-17,71.36499786376953
532,2019-01-18,71.03019714355469
533,2019-01-21,71.2300033569336
534,2019-01-22,71.5
535,2019-01-23,71.2302017211914
536,2019-01-24,71.15730285644531
537,2019-01-25,70.98999786376953
538,2019-01-28,70.9749984741211
539,2019-01-29,71.09010314941406
540,2019-01-30,71.62000274658203
541,2019-01-31,71.12000274658203
542,2019-02-01,71.19999694824219
543,2019-02-04,71.45169830322266
544,2019-02-05,71.68499755859375
545,2019-02-06,71.7699966430664
546,2019-02-07,71.54049682617188
547,2019-02-08,71.58000183105469
548,2019-02-11,71.1500015258789
549,2019-02-12,71.2300033569336
550,2019-02-13,70.80999755859375
551,2019-02-14,70.86509704589844
552,2019-02-15,71.01000213623047
553,2019-02-18,71.31999969482422
554,2019-02-19,71.69999694824219
555,2019-02-20,71.5999984741211
556,2019-02-21,71.30000305175781
557,2019-02-22,71.18499755859375
558,2019-02-25,71.03099822998047
559,2019-02-26,71.08999633789062
560,2019-02-27,70.94000244140625
561,2019-02-28,71.19000244140625
562,2019-03-01,70.81600189208984
563,2019-03-04,70.98999786376953
564,2019-03-05,70.9000015258789
565,2019-03-06,70.74250030517578
566,2019-03-07,70.36499786376953
567,2019-03-08,70.48750305175781
568,2019-03-11,69.98690032958984
569,2019-03-12,69.79010009765625
570,2019-03-13,69.84500122070312
571,2019-03-14,69.72630310058594
572,2019-03-15,69.3373031616211
573,2019-03-18,68.9530029296875
574,2019-03-19,68.61799621582031
575,2019-03-20,69.31749725341797
576,2019-03-21,68.82499694824219
577,2019-03-22,68.93000030517578
578,2019-03-25,69.1604995727539
579,2019-03-26,68.92340087890625
580,2019-03-27,69.42749786376953
581,2019-03-28,69.37000274658203
582,2019-03-29,69.5
583,2019-04-01,69.43000030517578
584,2019-04-02,69.19529724121094
585,2019-04-03,68.91020202636719
586,2019-04-04,68.8499984741211
587,2019-04-05,68.97039794921875
588,2019-04-08,69.16000366210938
589,2019-04-09,69.55249786376953
590,2019-04-10,69.26180267333984
591,2019-04-11,69.14019775390625
592,2019-04-12,69.43000030517578
593,2019-04-15,69.16100311279297
594,2019-04-16,69.80999755859375
595,2019-04-17,69.88500213623047
596,2019-04-18,69.4010009765625
597,2019-04-19,69.38099670410156
598,2019-04-22,69.36000061035156
599,2019-04-23,70.0625
600,2019-04-24,69.75800323486328
601,2019-04-25,70.0958023071289
602,2019-04-26,70.16000366210938
603,2019-04-29,69.84200286865234
604,2019-04-30,69.81179809570312
605,2019-05-01,69.55599975585938
606,2019-05-02,69.63289642333984
607,2019-05-03,69.42440032958984
608,2019-05-06,69.16799926757812
609,2019-05-07,69.40029907226562
610,2019-05-08,69.91000366210938
611,2019-05-09,70.01000213623047
612,2019-05-10,70.41000366210938
613,2019-05-13,69.92250061035156
614,2019-05-14,70.61699676513672
615,2019-05-15,70.30699920654297
616,2019-05-16,70.20919799804688
617,2019-05-17,70.23500061035156
618,2019-05-20,70.28150177001953
619,2019-05-21,70.12750244140625
620,2019-05-23,69.97250366210938
621,2019-05-24,69.94499969482422
622,2019-05-27,69.36000061035156
623,2019-05-28,69.72000122070312
624,2019-05-29,69.875
625,2019-05-30,69.81500244140625
626,2019-05-31,69.9800033569336
627,2019-06-03,69.5696029663086
628,2019-06-04,69.16190338134766
629,2019-06-05,69.55999755859375
630,2019-06-06,69.625
631,2019-06-07,69.36000061035156
632,2019-06-10,69.34500122070312
633,2019-06-11,69.52349853515625
634,2019-06-12,69.3864974975586
635,2019-06-13,69.69999694824219
636,2019-06-14,69.80000305175781
637,2019-06-17,69.77050018310547
638,2019-06-18,70.11250305175781
639,2019-06-19,69.76499938964844
640,2019-06-20,69.87000274658203
641,2019-06-21,69.77999877929688
642,2019-06-24,69.56990051269531
643,2019-06-25,69.60250091552734
644,2019-06-26,69.63749694824219
645,2019-06-27,69.60250091552734
646,2019-06-28,69.32499694824219
647,2019-07-01,68.94049835205078
648,2019-07-02,69.1675033569336
649,2019-07-03,69.0824966430664
650,2019-07-04,69.00749969482422
651,2019-07-05,68.73999786376953
652,2019-07-08,68.44000244140625
653,2019-07-09,68.8499984741211
654,2019-07-10,68.76499938964844
655,2019-07-11,68.36759948730469
656,2019-07-12,68.66999816894531
657,2019-07-15,68.55030059814453
658,2019-07-16,68.74749755859375
659,2019-07-17,68.8949966430664
660,2019-07-18,68.78600311279297
661,2019-07-19,68.8499984741211
662,2019-07-22,68.83000183105469
663,2019-07-23,69.16000366210938
664,2019-07-24,69.0199966430664
665,2019-07-25,69.18499755859375
666,2019-07-26,69.15049743652344
667,2019-07-29,68.87000274658203
668,2019-07-30,68.94999694824219
669,2019-07-31,69.07749938964844
670,2019-08-01,69.40499877929688
671,2019-08-02,69.29720306396484
672,2019-08-05,69.65689849853516
673,2019-08-06,71.5199966430664
674,2019-08-07,71.2300033569336
675,2019-08-08,71.16510009765625
676,2019-08-09,70.47090148925781
677,2019-08-12,71.03500366210938
678,2019-08-13,71.58000183105469
679,2019-08-14,71.08000183105469
680,2019-08-15,71.63520050048828
681,2019-08-16,71.72000122070312
682,2019-08-19,71.13200378417969
683,2019-08-20,71.99500274658203
684,2019-08-21,71.80999755859375
685,2019-08-22,71.43779754638672
686,2019-08-23,71.92040252685547
687,2019-08-26,71.50250244140625
688,2019-08-27,72.16000366210938
689,2019-08-28,71.53500366210938
690,2019-08-29,72.08499908447266
691,2019-08-30,71.6801986694336
692,2019-09-02,71.72989654541016
693,2019-09-03,71.96209716796875
694,2019-09-04,72.45999908447266
695,2019-09-05,71.95570373535156
696,2019-09-06,72.22000122070312
697,2019-09-09,71.66999816894531
698,2019-09-10,72.09249877929688
699,2019-09-11,71.85900115966797
700,2019-09-12,71.56009674072266
701,2019-09-13,71.28500366210938
702,2019-09-16,71.02069854736328
703,2019-09-17,71.74909973144531
704,2019-09-18,71.70999908447266
705,2019-09-19,71.5425033569336
706,2019-09-20,71.71749877929688
707,2019-09-23,71.19159698486328
708,2019-09-24,70.78959655761719
709,2019-09-25,71.28500366210938
710,2019-09-26,71.30999755859375
711,2019-09-27,71.21499633789062
712,2019-09-30,70.49870300292969
713,2019-10-01,70.92250061035156
714,2019-10-02,71.0999984741211
715,2019-10-03,71.1416015625
716,2019-10-04,71.0199966430664
717,2019-10-07,70.81500244140625
718,2019-10-08,71.36000061035156
719,2019-10-09,71.20999908447266
720,2019-10-10,71.41000366210938
721,2019-10-11,70.9800033569336
722,2019-10-14,70.91400146484375
723,2019-10-15,71.45249938964844
724,2019-10-16,71.76000213623047
725,2019-10-17,71.62000274658203
726,2019-10-18,71.42250061035156
727,2019-10-21,71.02999877929688
728,2019-10-22,71.1050033569336
729,2019-10-23,71.07499694824219
730,2019-10-24,70.71499633789062
731,2019-10-25,71.19000244140625
732,2019-10-28,70.83000183105469
733,2019-10-29,70.73500061035156
734,2019-10-30,70.88459777832031
735,2019-10-31,70.98999786376953
736,2019-11-01,70.97000122070312
737,2019-11-04,70.51210021972656
738,2019-11-05,71.0
739,2019-11-06,70.8949966430664
740,2019-11-07,71.0
741,2019-11-08,71.37650299072266
742,2019-11-11,71.37650299072266
743,2019-11-12,71.5739974975586
744,2019-11-13,71.77999877929688
745,2019-11-14,72.1415023803711
746,2019-11-15,71.95580291748047
747,2019-11-18,71.70580291748047
748,2019-11-19,71.93509674072266
749,2019-11-20,71.85099792480469
750,2019-11-21,71.76820373535156
751,2019-11-22,71.7405014038086
752,2019-11-25,71.78260040283203
753,2019-11-26,71.67949676513672
754,2019-11-27,71.42839813232422
755,2019-11-28,71.22810363769531
756,2019-11-29,71.54740142822266
757,2019-12-02,71.7229995727539
758,2019-12-03,71.625
759,2019-12-04,71.95999908447266
760,2019-12-05,71.4801025390625
761,2019-12-06,71.38500213623047
762,2019-12-09,71.28679656982422
763,2019-12-10,70.96019744873047
764,2019-12-11,71.01000213623047
765,2019-12-12,70.72930145263672
766,2019-12-13,70.55989837646484
767,2019-12-16,70.68900299072266
768,2019-12-17,70.92050170898438
769,2019-12-18,71.21499633789062
770,2019-12-19,70.98989868164062
771,2019-12-20,71.22270202636719
772,2019-12-23,71.02400207519531
773,2019-12-24,71.21070098876953
774,2019-12-25,71.45999908447266
775,2019-12-26,71.54000091552734
776,2019-12-27,71.30030059814453
777,2019-12-30,71.31300354003906
778,2019-12-31,71.31099700927734
779,2020-01-01,71.27580261230469
780,2020-01-02,71.0250015258789
781,2020-01-03,71.41500091552734
782,2020-01-06,71.73100280761719
783,2020-01-07,71.78700256347656
784,2020-01-08,72.16000366210938
785,2020-01-09,71.41190338134766
786,2020-01-10,71.19429779052734
787,2020-01-13,70.9530029296875
788,2020-01-14,70.71890258789062
789,2020-01-15,70.84510040283203
790,2020-01-16,70.71800231933594
791,2020-01-17,70.94560241699219
792,2020-01-20,71.03469848632812
793,2020-01-21,71.03099822998047
794,2020-01-22,71.16999816894531
795,2020-01-23,71.0781021118164
796,2020-01-24,71.32099914550781
797,2020-01-27,71.32499694824219
798,2020-01-28,71.44000244140625
799,2020-01-29,71.23040008544922
800,2020-01-30,71.30000305175781
801,2020-01-31,71.63999938964844
802,2020-02-03,71.49649810791016
803,2020-02-04,71.31410217285156
804,2020-02-05,71.0999984741211
805,2020-02-06,71.18000030517578
806,2020-02-07,71.47000122070312
807,2020-02-10,71.5155029296875
808,2020-02-11,71.27999877929688
809,2020-02-12,71.27529907226562
810,2020-02-13,71.29620361328125
811,2020-02-14,71.26850128173828
812,2020-02-17,71.51480102539062
813,2020-02-18,71.34919738769531
814,2020-02-19,71.57499694824219
815,2020-02-20,71.82749938964844
816,2020-02-21,72.11000061035156
817,2020-02-24,71.88680267333984
818,2020-02-25,72.04669952392578
819,2020-02-26,71.87000274658203
820,2020-02-27,71.66339874267578
821,2020-02-28,71.93000030517578
822,2020-03-02,72.1500015258789
823,2020-03-03,72.82499694824219
824,2020-03-04,73.34200286865234
825,2020-03-05,74.0425033569336
826,2020-03-06,73.8551025390625
827,2020-03-09,73.99530029296875
828,2020-03-10,74.40599822998047
829,2020-03-11,74.20500183105469
830,2020-03-12,74.76000213623047
831,2020-03-13,75.30000305175781
832,2020-03-16,73.90399932861328
833,2020-03-17,75.15499877929688
834,2020-03-18,74.01239776611328
835,2020-03-19,74.98200225830078
836,2020-03-20,75.15969848632812
837,2020-03-23,75.62210083007812
838,2020-03-24,76.50599670410156
839,2020-03-25,77.26000213623047
840,2020-03-26,75.84549713134766
841,2020-03-27,74.72560119628906
842,2020-03-30,75.46499633789062
843,2020-03-31,75.4000015258789
844,2020-04-01,75.32499694824219
845,2020-04-02,77.56999969482422
846,2020-04-03,77.13999938964844
847,2020-04-06,76.2300033569336
848,2020-04-07,75.96489715576172
849,2020-04-08,76.66000366210938
850,2020-04-09,75.95899963378906
851,2020-04-10,76.6500015258789
852,2020-04-13,76.16649627685547
853,2020-04-14,76.91000366210938
854,2020-04-15,75.93099975585938
855,2020-04-16,77.2125015258789
856,2020-04-17,77.56999969482422
857,2020-04-20,76.55999755859375
858,2020-04-21,77.20999908447266
859,2020-04-22,76.96939849853516
860,2020-04-23,76.4000015258789
861,2020-04-24,76.42250061035156
862,2020-04-27,76.27149963378906
863,2020-04-28,76.1863021850586
864,2020-04-29,76.46499633789062
865,2020-04-30,75.25849914550781
866,2020-05-01,75.72000122070312
867,2020-05-04,75.60050201416016
868,2020-05-05,75.8499984741211
869,2020-05-06,76.16999816894531
870,2020-05-07,76.15129852294922
871,2020-05-08,76.08000183105469
872,2020-05-11,75.5250015258789
873,2020-05-12,76.30999755859375
874,2020-05-13,75.68000030517578
875,2020-05-14,75.42620086669922
876,2020-05-15,75.48500061035156
877,2020-05-18,75.81999969482422
878,2020-05-19,75.60009765625
879,2020-05-20,76.0
880,2020-05-21,75.77999877929688
881,2020-05-22,75.625
882,2020-05-25,75.98500061035156
883,2020-05-26,76.11000061035156
884,2020-05-27,75.81999969482422
885,2020-05-28,76.12999725341797
886,2020-05-29,75.95999908447266
887,2020-06-01,75.51319885253906
888,2020-06-02,75.7300033569336
889,2020-06-03,75.06580352783203
890,2020-06-04,75.54499816894531
891,2020-06-05,75.49089813232422
892,2020-06-08,75.5177001953125
893,2020-06-09,75.625
894,2020-06-10,75.50980377197266
895,2020-06-11,75.875
896,2020-06-12,76.38999938964844
897,2020-06-15,75.95680236816406
898,2020-06-16,75.97799682617188
899,2020-06-17,76.65499877929688
900,2020-06-18,76.55000305175781
901,2020-06-19,76.40039825439453
902,2020-06-22,76.2520980834961
903,2020-06-23,75.78980255126953
904,2020-06-24,75.60780334472656
905,2020-06-25,75.97000122070312
906,2020-06-26,75.53980255126953
907,2020-06-29,75.61979675292969
908,2020-06-30,75.69999694824219
909,2020-07-01,75.75
910,2020-07-02,75.45490264892578
911,2020-07-03,74.72100067138672
912,2020-07-06,74.6792984008789
913,2020-07-07,74.60759735107422
914,2020-07-08,75.125
915,2020-07-09,74.93990325927734
916,2020-07-10,75.33999633789062
917,2020-07-13,75.15850067138672
918,2020-07-14,75.44999694824219
919,2020-07-15,75.57499694824219
920,2020-07-16,75.1249008178711
921,2020-07-17,75.17449951171875
922,2020-07-20,74.89730072021484
923,2020-07-21,74.98999786376953
924,2020-07-22,74.7699966430664
925,2020-07-23,74.81999969482422
926,2020-07-24,74.80729675292969
927,2020-07-27,74.75980377197266
928,2020-07-28,75.0
929,2020-07-29,75.08999633789062
930,2020-07-30,74.8311996459961
931,2020-07-31,74.98999786376953
932,2020-08-03,74.91780090332031
933,2020-08-04,75.33000183105469
934,2020-08-05,75.25
935,2020-08-06,74.8822021484375
936,2020-08-07,74.8998031616211
937,2020-08-10,75.0248031616211
938,2020-08-11,75.0999984741211
939,2020-08-12,74.9000015258789
940,2020-08-13,74.77210235595703
941,2020-08-14,75.02999877929688
942,2020-08-17,74.90280151367188
943,2020-08-18,75.0
944,2020-08-19,74.79499816894531
945,2020-08-20,74.966796875
946,2020-08-21,74.9999008178711
947,2020-08-24,74.92179870605469
948,2020-08-25,74.4000015258789
949,2020-08-26,74.45249938964844
950,2020-08-27,74.24009704589844
951,2020-08-28,73.77449798583984
952,2020-08-31,73.12830352783203
953,2020-09-01,73.66999816894531
954,2020-09-02,73.2699966430664
955,2020-09-03,73.24849700927734
956,2020-09-04,73.4478988647461
957,2020-09-07,73.29029846191406
958,2020-09-08,73.6500015258789
959,2020-09-09,73.78679656982422
960,2020-09-10,73.55000305175781
961,2020-09-11,73.52729797363281
962,2020-09-14,73.47859954833984
963,2020-09-15,73.61499786376953
964,2020-09-16,73.80000305175781
965,2020-09-17,73.55069732666016
966,2020-09-18,73.58360290527344
967,2020-09-21,73.53479766845703
968,2020-09-22,73.57980346679688
969,2020-09-23,73.50299835205078
970,2020-09-24,73.77839660644531
971,2020-09-25,73.68240356445312
972,2020-09-28,73.69930267333984
973,2020-09-29,73.9749984741211
974,2020-09-30,73.84500122070312
975,2020-10-01,73.70500183105469
976,2020-10-02,73.21700286865234
977,2020-10-05,73.32240295410156
978,2020-10-06,73.1082992553711
979,2020-10-07,73.81500244140625
980,2020-10-08,73.5425033569336
981,2020-10-09,73.28050231933594
982,2020-10-12,73.01480102539062
983,2020-10-13,73.35079956054688
984,2020-10-14,73.62000274658203
985,2020-10-15,73.29620361328125
986,2020-10-16,73.37100219726562
987,2020-10-19,73.44380187988281
988,2020-10-20,73.57499694824219
989,2020-10-21,73.64749908447266
990,2020-10-22,73.6812973022461
991,2020-10-23,73.72000122070312
992,2020-10-26,73.8228988647461
993,2020-10-27,73.94850158691406
994,2020-10-28,73.80500030517578
995,2020-10-29,74.44000244140625
996,2020-10-30,74.26399993896484
997,2020-11-02,74.55049896240234
998,2020-11-03,74.45680236816406
999,2020-11-04,74.65560150146484
1000,2020-11-05,74.37999725341797
1001,2020-11-06,74.12000274658203
1002,2020-11-09,73.97979736328125
1003,2020-11-10,73.95320129394531
1004,2020-11-11,74.28160095214844
1005,2020-11-12,74.56999969482422
1006,2020-11-13,74.86499786376953
1007,2020-11-16,74.48770141601562
1008,2020-11-17,74.41809844970703
1009,2020-11-18,74.47969818115234
1010,2020-11-19,74.41999816894531
1011,2020-11-20,74.09960174560547
1012,2020-11-23,74.16239929199219
1013,2020-11-24,74.24490356445312
1014,2020-11-25,73.96080017089844
1015,2020-11-26,73.77989959716797
1016,2020-11-27,74.04879760742188
1017,2020-11-30,73.94090270996094
1018,2020-12-01,74.02519989013672
1019,2020-12-02,73.65499877929688
1020,2020-12-03,73.66259765625
1021,2020-12-04,73.86489868164062
1022,2020-12-07,73.79029846191406
1023,2020-12-08,74.0199966430664
1024,2020-12-09,73.72640228271484
1025,2020-12-10,73.93499755859375
1026,2020-12-11,73.72669982910156
1027,2020-12-14,73.73799896240234
1028,2020-12-15,73.86000061035156
1029,2020-12-16,73.75980377197266
1030,2020-12-17,73.6166000366211
1031,2020-12-18,73.52980041503906
1032,2020-12-21,73.60359954833984
1033,2020-12-22,73.935302734375
1034,2020-12-23,74.2699966430664
1035,2020-12-24,73.83979797363281
1036,2020-12-25,73.55780029296875
1037,2020-12-28,73.68900299072266
1038,2020-12-29,73.5448989868164
1039,2020-12-30,73.45359802246094
1040,2020-12-31,73.13400268554688
1041,2021-01-01,73.08920288085938
1042,2021-01-04,73.09200286865234
1043,2021-01-05,73.31999969482422
1044,2021-01-06,73.37480163574219
1045,2021-01-07,73.36000061035156
1046,2021-01-08,73.44599914550781
1047,2021-01-11,73.37339782714844
1048,2021-01-12,73.51349639892578
1049,2021-01-13,73.16500091552734
1050,2021-01-14,73.1698989868164
1051,2021-01-15,73.08760070800781
1052,2021-01-18,73.15899658203125
1053,2021-01-19,73.1886978149414
1054,2021-01-20,73.19190216064453
1055,2021-01-21,72.91089630126953
1056,2021-01-22,72.95490264892578
1057,2021-01-25,72.99590301513672
1058,2021-01-26,72.97000122070312
1059,2021-01-27,72.91999816894531
1060,2021-01-28,73.03710174560547
1061,2021-01-29,72.93879699707031
1062,2021-02-01,72.90660095214844
1063,2021-02-02,73.11979675292969
1064,2021-02-03,72.91629791259766
1065,2021-02-04,72.85800170898438
1066,2021-02-05,72.9457015991211
1067,2021-02-08,72.78479766845703
1068,2021-02-09,72.92990112304688
1069,2021-02-10,72.85489654541016
1070,2021-02-11,72.80729675292969
1071,2021-02-12,72.70950317382812
1072,2021-02-15,72.59480285644531
1073,2021-02-16,72.63870239257812
1074,2021-02-17,72.93499755859375
1075,2021-02-18,72.79730224609375
1076,2021-02-19,72.60540008544922
1077,2021-02-22,72.5530014038086
1078,2021-02-23,72.44400024414062
1079,2021-02-24,72.37699890136719
1080,2021-02-25,72.4000015258789
1081,2021-02-26,73.1509017944336
1082,2021-03-01,73.59590148925781
1083,2021-03-02,73.30940246582031
1084,2021-03-03,73.27749633789062
1085,2021-03-04,72.88069915771484
1086,2021-03-05,73.13179779052734
1087,2021-03-08,73.1333999633789
1088,2021-03-09,73.33000183105469
1089,2021-03-10,72.7759017944336
1090,2021-03-11,72.70600128173828
1091,2021-03-12,72.63899993896484
1092,2021-03-15,72.68299865722656
1093,2021-03-16,72.51529693603516
1094,2021-03-17,72.5156021118164
1095,2021-03-18,72.29560089111328
1096,2021-03-19,72.6688003540039
1097,2021-03-22,72.40499877929688
1098,2021-03-23,72.38050079345703
1099,2021-03-24,72.61219787597656
1100,2021-03-25,72.64559936523438
1101,2021-03-26,72.61280059814453
1102,2021-03-29,72.44719696044922
1103,2021-03-30,72.74189758300781
1104,2021-03-31,73.44529724121094
1105,2021-04-01,73.20349884033203
1106,2021-04-02,73.28730010986328
1107,2021-04-05,73.3759994506836
1108,2021-04-06,73.27950286865234
1109,2021-04-07,73.48999786376953
1110,2021-04-08,74.40149688720703
1111,2021-04-09,74.54450225830078
1112,2021-04-12,74.72949981689453
1113,2021-04-13,74.99099731445312
1114,2021-04-14,75.18150329589844
1115,2021-04-15,75.0261001586914
1116,2021-04-16,74.72740173339844
1117,2021-04-19,74.56320190429688
1118,2021-04-20,74.8781967163086
1119,2021-04-21,75.44920349121094
1120,2021-04-22,75.42949676513672
1121,2021-04-23,75.0916976928711
1122,2021-04-26,74.86810302734375
1123,2021-04-27,74.81490325927734
1124,2021-04-28,74.57499694824219
1125,2021-04-29,74.31179809570312
1126,2021-04-30,74.10579681396484
1127,2021-05-03,74.09480285644531
1128,2021-05-04,73.8375015258789
1129,2021-05-05,73.77890014648438
1130,2021-05-06,73.79940032958984
1131,2021-05-07,73.61519622802734
1132,2021-05-10,73.29029846191406
1133,2021-05-11,73.5
1134,2021-05-12,73.3750991821289
1135,2021-05-13,73.68160247802734
1136,2021-05-14,73.44490051269531
1137,2021-05-17,73.27890014648438
1138,2021-05-18,73.26969909667969
1139,2021-05-19,73.1281967163086
1140,2021-05-20,73.222900390625
1141,2021-05-21,73.02189636230469
1142,2021-05-24,72.90979766845703
1143,2021-05-25,72.83660125732422
1144,2021-05-26,72.80490112304688
1145,2021-05-27,72.67250061035156
1146,2021-05-28,72.68299865722656
1147,2021-05-31,72.39350128173828
1148,2021-06-01,72.48719787597656
1149,2021-06-02,72.8550033569336
1150,2021-06-03,72.96510314941406
1151,2021-06-04,73.04419708251953
1152,2021-06-07,72.90969848632812
1153,2021-06-08,72.80940246582031
1154,2021-06-09,72.97530364990234
1155,2021-06-10,72.98529815673828
1156,2021-06-11,73.01229858398438
1157,2021-06-14,73.23159790039062
1158,2021-06-15,73.18080139160156
1159,2021-06-16,73.3447036743164
1160,2021-06-17,73.8240966796875
1161,2021-06-18,74.25389862060547
1162,2021-06-21,74.1438980102539
1163,2021-06-22,74.13520050048828
1164,2021-06-23,74.33219909667969
1165,2021-06-24,74.24690246582031
1166,2021-06-25,74.19029998779297
1167,2021-06-28,74.21299743652344
1168,2021-06-29,74.285400390625
1169,2021-06-30,74.28759765625
1170,2021-07-01,74.37100219726562
1171,2021-07-02,74.54499816894531
1172,2021-07-05,74.48179626464844
1173,2021-07-06,74.31780242919922
1174,2021-07-07,74.76290130615234
1175,2021-07-08,74.8218994140625
1176,2021-07-09,74.72139739990234
1177,2021-07-12,74.4905014038086
1178,2021-07-13,74.54170227050781
1179,2021-07-14,74.65910339355469
1180,2021-07-15,74.46910095214844
1181,2021-07-16,74.53700256347656
1182,2021-07-19,74.63179779052734
1183,2021-07-20,74.99340057373047
1184,2021-07-21,74.5270004272461
1185,2021-07-22,74.44020080566406
1186,2021-07-23,74.4520034790039
1187,2021-07-26,74.44889831542969
1188,2021-07-27,74.28949737548828
1189,2021-07-28,74.5022964477539
1190,2021-07-29,74.38999938964844
1191,2021-07-30,74.25199890136719
1192,2021-08-02,74.37909698486328
1193,2021-08-03,74.33200073242188
1194,2021-08-04,74.21440124511719
1195,2021-08-05,74.18399810791016
1196,2021-08-06,74.08200073242188
1197,2021-08-09,74.49140167236328
1198,2021-08-10,74.46620178222656
1199,2021-08-11,74.43550109863281
1200,2021-08-12,74.10299682617188
1201,2021-08-13,74.26010131835938
1202,2021-08-16,74.216796875
1203,2021-08-17,74.13500213623047
1204,2021-08-18,74.364501953125
1205,2021-08-19,74.2697982788086
1206,2021-08-20,74.4292984008789
1207,2021-08-23,74.30149841308594
1208,2021-08-24,74.10590362548828
1209,2021-08-25,74.1447982788086
1210,2021-08-26,74.0999984741211
1211,2021-08-27,74.15599822998047
1212,2021-08-30,73.49659729003906
1213,2021-08-31,73.41120147705078
1214,2021-09-01,72.99669647216797
1215,2021-09-02,72.98509979248047
1216,2021-09-03,73.0542984008789
1217,2021-09-06,72.99449920654297
1218,2021-09-07,73.11000061035156
1219,2021-09-08,73.3904037475586
1220,2021-09-09,73.78900146484375
1221,2021-09-10,73.53800201416016
1222,2021-09-13,73.52429962158203
1223,2021-09-14,73.54080200195312
1224,2021-09-15,73.65080261230469
1225,2021-09-16,73.43800354003906
1226,2021-09-17,73.56490325927734
1227,2021-09-20,73.69609832763672
1228,2021-09-21,73.65899658203125
1229,2021-09-22,73.7927017211914
1230,2021-09-23,73.8749008178711
1231,2021-09-24,73.83999633789062
1232,2021-09-27,73.81289672851562
1233,2021-09-28,73.82530212402344
1234,2021-09-29,74.16329956054688
1235,2021-09-30,74.3219985961914
1236,2021-10-01,74.25440216064453
1237,2021-10-04,74.152099609375
1238,2021-10-05,74.57279968261719
1239,2021-10-06,74.56320190429688
1240,2021-10-07,74.76000213623047
1241,2021-10-08,74.83000183105469
1242,2021-10-11,75.30580139160156
1243,2021-10-12,75.40260314941406
1244,2021-10-13,75.48390197753906
1245,2021-10-14,75.3062973022461
1246,2021-10-15,74.99500274658203
1247,2021-10-18,75.00589752197266
1248,2021-10-19,75.2354965209961
1249,2021-10-20,75.12010192871094
1250,2021-10-21,74.80919647216797
1251,2021-10-22,74.86540222167969
1252,2021-10-25,74.99369812011719
1253,2021-10-26,75.08989715576172
1254,2021-10-27,74.88890075683594
1255,2021-10-28,75.05000305175781
1256,2021-10-29,74.79720306396484
1257,2021-11-01,74.92829895019531
1258,2021-11-02,74.82990264892578
1259,2021-11-03,74.71199798583984
1260,2021-11-04,74.43550109863281
1261,2021-11-05,74.47810363769531
1262,2021-11-08,74.19110107421875
1263,2021-11-09,73.91850280761719
1264,2021-11-10,74.17479705810547
1265,2021-11-11,74.40489959716797
1266,2021-11-12,74.32209777832031
1267,2021-11-15,74.33999633789062
1268,2021-11-16,74.43509674072266
1269,2021-11-17,74.45860290527344
1270,2021-11-18,74.25980377197266
1271,2021-11-19,74.17440032958984
1272,2021-11-22,74.30259704589844
1273,2021-11-23,74.42980194091797
1274,2021-11-24,74.4469985961914
1275,2021-11-25,74.625
1276,2021-11-26,74.50579833984375
1277,2021-11-29,74.98159790039062
1278,2021-11-30,75.05490112304688
1279,2021-12-01,75.0509033203125
1280,2021-12-02,75.01789855957031
1281,2021-12-03,74.9834976196289
1282,2021-12-06,75.23400115966797
1283,2021-12-07,75.39129638671875
1284,2021-12-08,75.40859985351562
1285,2021-12-09,75.38330078125
1286,2021-12-10,75.59919738769531
1287,2021-12-13,75.70999908447266
1288,2021-12-14,75.82689666748047
1289,2021-12-15,76.04720306396484
1290,2021-12-16,76.2114028930664
1291,2021-12-17,76.1675033569336
1292,2021-12-20,76.00599670410156
1293,2021-12-21,75.75869750976562
1294,2021-12-22,75.6864013671875
1295,2021-12-23,75.45850372314453
1296,2021-12-24,75.06739807128906
1297,2021-12-27,75.31500244140625
1298,2021-12-28,74.98030090332031
1299,2021-12-29,74.74500274658203
1300,2021-12-30,74.57029724121094
1301,2021-12-31,74.43119812011719
1302,2022-01-03,74.51380157470703
1303,2022-01-04,74.4032974243164
1304,2022-01-05,74.53489685058594
1305,2022-01-06,74.43009948730469
1306,2022-01-07,74.41929626464844
1307,2022-01-10,74.2699966430664
1308,2022-01-11,74.05699920654297
1309,2022-01-12,73.81529998779297
1310,2022-01-13,73.79910278320312
1311,2022-01-14,73.97229766845703
1312,2022-01-17,74.37899780273438
1313,2022-01-18,74.25509643554688
1314,2022-01-19,74.61969757080078
1315,2022-01-20,74.44920349121094
1316,2022-01-21,74.45220184326172
1317,2022-01-24,74.41320037841797
1318,2022-01-25,74.6447982788086
1319,2022-01-26,74.77999877929688
1320,2022-01-27,74.8949966430664
1321,2022-01-28,75.20929718017578
1322,2022-01-31,75.03900146484375
1323,2022-02-01,74.55580139160156
1324,2022-02-02,74.74549865722656
1325,2022-02-03,74.82240295410156
1326,2022-02-04,74.6438980102539
1327,2022-02-07,74.64219665527344
1328,2022-02-08,74.6583023071289
1329,2022-02-09,74.69519805908203
1330,2022-02-10,74.80889892578125
1331,2022-02-11,75.53839874267578
1332,2022-02-14,75.34100341796875
1333,2022-02-15,75.6854019165039
1334,2022-02-16,75.17479705810547
1335,2022-02-17,75.04199981689453
1336,2022-02-18,75.06300354003906
1337,2022-02-21,74.68240356445312
1338,2022-02-22,74.51699829101562
1339,2022-02-23,74.62300109863281
1340,2022-02-24,74.63300323486328
1341,2022-02-25,75.4083023071289
1342,2022-02-28,75.06800079345703
1343,2022-03-01,75.28479766845703
1344,2022-03-02,75.80120086669922
1345,2022-03-03,75.63099670410156
1346,2022-03-04,75.8917007446289
1347,2022-03-07,76.41799926757812
1348,2022-03-08,77.08080291748047
1349,2022-03-09,76.91449737548828
1350,2022-03-10,76.13490295410156
1351,2022-03-11,76.310302734375
1352,2022-03-14,76.75370025634766
1353,2022-03-15,76.49009704589844
1354,2022-03-16,76.26589965820312
1355,2022-03-17,76.02420043945312
1356,2022-03-18,75.98159790039062
1357,2022-03-21,75.94640350341797
1358,2022-03-22,76.30709838867188
1359,2022-03-23,76.10189819335938
1360,2022-03-24,76.55239868164062
1361,2022-03-25,76.32350158691406
1362,2022-03-28,76.27850341796875
1363,2022-03-29,76.03410339355469
1364,2022-03-30,75.66670227050781
1365,2022-03-31,75.82779693603516
1366,2022-04-01,75.9092025756836
1367,2022-04-04,75.99479675292969
1368,2022-04-05,75.47799682617188
1369,2022-04-06,75.45069885253906
1370,2022-04-07,75.94509887695312
1371,2022-04-08,75.91320037841797
1372,2022-04-11,75.91729736328125
1373,2022-04-12,75.83699798583984
1374,2022-04-13,76.1498031616211
1375,2022-04-14,76.12169647216797
1376,2022-04-15,76.30879974365234
1377,2022-04-18,76.3313980102539
1378,2022-04-19,76.28019714355469
1379,2022-04-20,76.44539642333984
1380,2022-04-21,76.27619934082031
1381,2022-04-22,76.28520202636719
1382,2022-04-25,76.4635009765625
1383,2022-04-26,76.52780151367188
1384,2022-04-27,76.79409790039062
1385,2022-04-28,76.47219848632812
1386,2022-04-29,76.58899688720703
1387,2022-05-02,76.52310180664062
1388,2022-05-03,76.52410125732422
1389,2022-05-04,76.46730041503906
1390,2022-05-05,76.00160217285156
1391,2022-05-06,76.54180145263672
1392,2022-05-09,76.9574966430664
1393,2022-05-10,77.3655014038086
1394,2022-05-11,77.27140045166016
1395,2022-05-12,77.41840362548828
1396,2022-05-13,77.44380187988281
1397,2022-05-16,77.48629760742188
1398,2022-05-17,77.8053970336914
1399,2022-05-18,77.37239837646484
1400,2022-05-19,77.81999969482422
1401,2022-05-20,77.42109680175781
1402,2022-05-23,77.81839752197266
1403,2022-05-24,77.52680206298828
1404,2022-05-25,77.47879791259766
1405,2022-05-26,77.49729919433594
1406,2022-05-27,77.63020324707031
1407,2022-05-30,77.69200134277344
1408,2022-05-31,77.5208969116211
1409,2022-06-01,77.5989990234375
1410,2022-06-02,77.58409881591797
1411,2022-06-03,77.3604965209961
1412,2022-06-06,77.69419860839844
1413,2022-06-07,77.82099914550781
1414,2022-06-08,77.67060089111328
1415,2022-06-09,77.72429656982422
1416,2022-06-10,77.8187026977539
1417,2022-06-13,78.17759704589844
1418,2022-06-14,78.16059875488281
1419,2022-06-15,77.9854965209961
1420,2022-06-16,77.90019989013672
1421,2022-06-17,77.97769927978516
1422,2022-06-20,77.9614028930664
1423,2022-06-21,77.93399810791016
1424,2022-06-22,78.13490295410156
1425,2022-06-23,78.19309997558594
1426,2022-06-24,78.14240264892578
1427,2022-06-27,78.2522964477539
1428,2022-06-28,78.44110107421875
1429,2022-06-29,79.07319641113281
1430,2022-06-30,78.89830017089844
1431,2022-07-01,78.96299743652344
1432,2022-07-04,78.95069885253906
1433,2022-07-05,78.93949890136719
1434,2022-07-06,79.36840057373047
1435,2022-07-07,79.04389953613281
1436,2022-07-08,79.22160339355469
1437,2022-07-11,79.3313980102539
1438,2022-07-12,79.47779846191406
1439,2022-07-13,79.47640228271484
1440,2022-07-14,79.80750274658203
1441,2022-07-15,79.87830352783203
1442,2022-07-18,79.72049713134766
1443,2022-07-19,80.0302963256836
1444,2022-07-20,79.85590362548828
1445,2022-07-21,80.00340270996094
1446,2022-07-22,79.7759017944336
1447,2022-07-25,79.87680053710938
1448,2022-07-26,79.72250366210938
1449,2022-07-27,79.84120178222656
1450,2022-07-28,79.84739685058594
1451,2022-07-29,79.57150268554688
1452,2022-08-01,79.1948013305664
1453,2022-08-02,78.95570373535156
1454,2022-08-03,78.60449981689453
1455,2022-08-04,79.11830139160156
1456,2022-08-05,79.15489959716797
1457,2022-08-08,79.41059875488281
1458,2022-08-09,79.60189819335938
1459,2022-08-10,79.57839965820312
1460,2022-08-11,79.0978012084961
1461,2022-08-12,79.61399841308594
1462,2022-08-15,79.62760162353516
1463,2022-08-16,79.55290222167969
1464,2022-08-17,79.14600372314453
1465,2022-08-18,79.35970306396484
1466,2022-08-19,79.7667007446289
1467,2022-08-22,79.91790008544922
1468,2022-08-23,79.88379669189453
1469,2022-08-24,79.85449981689453
1470,2022-08-25,79.79679870605469
1471,2022-08-26,79.88289642333984
1472,2022-08-29,79.95909881591797
1473,2022-08-30,79.96790313720703
1474,2022-08-31,79.68229675292969
1475,2022-09-01,79.54879760742188
1476,2022-09-02,79.716796875
1477,2022-09-05,79.72450256347656
1478,2022-09-06,79.78299713134766
1479,2022-09-07,79.89510345458984
1480,2022-09-08,79.6498031616211
1481,2022-09-09,79.706298828125
1482,2022-09-12,79.65579986572266
1483,2022-09-13,79.35530090332031
1484,2022-09-14,79.60240173339844
1485,2022-09-15,79.45369720458984
1486,2022-09-16,79.8490982055664
1487,2022-09-19,79.68949890136719
1488,2022-09-20,79.7074966430664
1489,2022-09-21,79.76270294189453
1490,2022-09-22,80.05069732666016
1491,2022-09-23,81.06220245361328
1492,2022-09-26,81.25479888916016
1493,2022-09-27,81.61579895019531
1494,2022-09-28,81.72460174560547
1495,2022-09-29,81.42870330810547
1496,2022-09-30,81.48059844970703
1497,2022-10-03,81.52130126953125
1498,2022-10-04,81.49500274658203
1499,2022-10-05,81.46549987792969
1500,2022-10-06,81.6488037109375
1501,2022-10-07,82.3489990234375
1502,2022-10-10,82.8322982788086
1503,2022-10-11,82.42070007324219
1504,2022-10-12,82.2739028930664
1505,2022-10-13,82.19999694824219
1506,2022-10-14,82.19210052490234
1507,2022-10-17,82.41280364990234
1508,2022-10-18,82.1947021484375
1509,2022-10-19,82.2863998413086
1510,2022-10-20,82.99700164794922
1511,2022-10-21,82.82569885253906
1512,2022-10-24,82.54129791259766
1513,2022-10-25,82.7614974975586
1514,2022-10-26,82.44529724121094
1515,2022-10-27,82.04959869384766
1516,2022-10-28,82.44249725341797
1517,2022-10-31,82.23919677734375
1518,2022-11-01,82.72899627685547
1519,2022-11-02,82.68450164794922
1520,2022-11-03,82.88839721679688
1521,2022-11-04,82.68180084228516
1522,2022-11-07,81.9749984741211
1523,2022-11-08,81.82599639892578
1524,2022-11-09,81.40519714355469
1525,2022-11-10,81.34380340576172
1526,2022-11-11,80.48290252685547
1527,2022-11-14,80.49700164794922
1528,2022-11-15,80.99199676513672
1529,2022-11-16,81.07140350341797
1530,2022-11-17,81.49530029296875
1531,2022-11-18,81.52490234375
1532,2022-11-21,81.5198974609375
1533,2022-11-22,81.72769927978516
1534,2022-11-23,81.71499633789062
1535,2022-11-24,81.63289642333984
1536,2022-11-25,81.65540313720703
1537,2022-11-28,81.6697006225586
1538,2022-11-29,81.65029907226562
1539,2022-11-30,81.63089752197266
1540,2022-12-01,81.3052978515625
1541,2022-12-02,81.16220092773438
1542,2022-12-05,81.42250061035156
1543,2022-12-06,81.89900207519531
1544,2022-12-07,82.37220001220703
1545,2022-12-08,82.25350189208984
1546,2022-12-09,82.2791976928711
1547,2022-12-12,82.41300201416016
1548,2022-12-13,82.64469909667969
1549,2022-12-14,82.40249633789062
1550,2022-12-15,82.50800323486328
1551,2022-12-16,82.85790252685547
1552,2022-12-19,82.72599792480469
1553,2022-12-20,82.58190155029297
1554,2022-12-21,82.63690185546875
1555,2022-12-22,82.87860107421875
1556,2022-12-23,82.8749008178711
1557,2022-12-26,82.6041030883789
1558,2022-12-27,82.90290069580078
1559,2022-12-28,82.7761001586914
1560,2022-12-29,82.85199737548828
1561,2022-12-30,82.83509826660156
1562,2023-01-02,82.74980163574219
1563,2023-01-03,82.70600128173828
1564,2023-01-04,82.78569793701172
1565,2023-01-05,82.66649627685547
1566,2023-01-06,82.64520263671875
1567,2023-01-09,82.27339935302734
1568,2023-01-10,82.18009948730469
1569,2023-01-11,81.63739776611328
1570,2023-01-12,81.63179779052734
1571,2023-01-13,81.1156005859375
1572,2023-01-16,81.27799987792969
1573,2023-01-17,81.65260314941406
1574,2023-01-18,81.52549743652344
1575,2023-01-19,81.43599700927734
1576,2023-01-20,81.23979949951172
1577,2023-01-23,80.97599792480469
1578,2023-01-24,81.48799896240234
1579,2023-01-25,81.60189819335938
1580,2023-01-26,81.50270080566406
1581,2023-01-27,81.44509887695312
1582,2023-01-30,81.50800323486328
1583,2023-01-31,81.57990264892578
1584,2023-02-01,81.76840209960938
1585,2023-02-02,81.71029663085938
1586,2023-02-03,82.0458984375
1587,2023-02-06,82.22599792480469
1588,2023-02-07,82.75499725341797
1589,2023-02-08,82.74189758300781
1590,2023-02-09,82.65950012207031
1591,2023-02-10,82.533203125
1592,2023-02-13,82.51300048828125
1593,2023-02-14,82.59739685058594
1594,2023-02-15,82.86759948730469
1595,2023-02-16,82.73770141601562
1596,2023-02-17,82.69529724121094
1597,2023-02-20,82.75800323486328
1598,2023-02-21,82.69750213623047
1599,2023-02-22,82.86119842529297
1600,2023-02-23,82.83529663085938
1601,2023-02-24,82.6178970336914
1602,2023-02-27,82.91799926757812
1603,2023-02-28,82.6520004272461
1604,2023-03-01,82.6353988647461
1605,2023-03-02,82.4198989868164
1606,2023-03-03,82.35569763183594
1607,2023-03-06,81.7125015258789
1608,2023-03-07,81.85440063476562
1609,2023-03-08,82.07460021972656
1610,2023-03-09,81.9645004272461
1611,2023-03-10,82.01840209960938
1612,2023-03-13,81.95800018310547
1613,2023-03-14,82.41739654541016
1614,2023-03-15,82.30490112304688
1615,2023-03-16,82.7156982421875
1616,2023-03-17,82.622802734375
1617,2023-03-20,82.53299713134766
1618,2023-03-21,82.52909851074219
1619,2023-03-22,82.677001953125
1620,2023-03-23,82.52580261230469
1621,2023-03-24,82.26529693603516
1622,2023-03-27,82.33879852294922
1623,2023-03-28,82.21489715576172
1624,2023-03-29,82.16429901123047
1625,2023-03-30,82.25540161132812
1626,2023-03-31,82.10050201416016
1627,2023-04-03,82.18479919433594
1628,2023-04-04,82.14089965820312
1629,2023-04-05,82.11479949951172
1630,2023-04-06,81.94999694824219
1631,2023-04-07,81.831298828125
1632,2023-04-10,81.88480377197266
1633,2023-04-11,81.98390197753906
1634,2023-04-12,82.07009887695312
1635,2023-04-13,81.96060180664062
1636,2023-04-14,81.68070220947266
1637,2023-04-17,81.84480285644531
1638,2023-04-18,82.00370025634766
1639,2023-04-19,82.10790252685547
1640,2023-04-20,82.34010314941406
1641,2023-04-21,82.14089965820312
1642,2023-04-24,82.05480194091797
1643,2023-04-25,81.85230255126953
1644,2023-04-26,81.9916000366211
1645,2023-04-27,81.76689910888672
1646,2023-04-28,81.76509857177734
1647,2023-05-01,81.74479675292969
1648,2023-05-02,81.77469635009766
1649,2023-05-03,81.77870178222656
1650,2023-05-04,81.77999877929688
1651,2023-05-05,81.71610260009766
1652,2023-05-08,81.72979736328125
1653,2023-05-09,81.78710174560547
1654,2023-05-10,82.1050033569336
1655,2023-05-11,81.9198989868164
1656,2023-05-12,82.10030364990234
1657,2023-05-15,82.20030212402344
1658,2023-05-16,82.2667007446289
1659,2023-05-17,82.2959976196289
1660,2023-05-18,82.45030212402344
1661,2023-05-19,82.72509765625
1662,2023-05-22,82.90480041503906
1663,2023-05-23,82.82499694824219
1664,2023-05-24,82.8906021118164
1665,2023-05-25,82.71369934082031
1666,2023-05-26,82.74210357666016
1667,2023-05-29,82.57479858398438
1668,2023-05-30,82.57969665527344
1669,2023-05-31,82.68389892578125
1670,2023-06-01,82.66680145263672
1671,2023-06-02,82.27670288085938
1672,2023-06-05,82.40979766845703
1673,2023-06-06,82.51119995117188
1674,2023-06-07,82.51719665527344
1675,2023-06-08,82.61810302734375
1676,2023-06-09,82.48829650878906
1677,2023-06-12,82.4448013305664
1678,2023-06-13,82.33719635009766
1679,2023-06-14,82.29039764404297
1680,2023-06-15,82.04499816894531
1681,2023-06-16,81.9126968383789
1682,2023-06-19,81.91480255126953
1683,2023-06-20,81.98139953613281
1684,2023-06-21,81.9917984008789
1685,2023-06-22,81.94149780273438
1686,2023-06-23,81.91929626464844
1687,2023-06-26,81.98480224609375
1688,2023-06-27,82.00650024414062
1689,2023-06-28,81.99839782714844
1690,2023-06-29,82.02649688720703
1691,2023-06-30,82.07540130615234
1692,2023-07-03,82.09629821777344
1693,2023-07-04,81.95010375976562
1694,2023-07-05,82.0071029663086
1695,2023-07-06,82.39409637451172
1696,2023-07-07,82.76840209960938
1697,2023-07-10,82.61530303955078
1698,2023-07-11,82.52529907226562
1699,2023-07-12,82.39990234375
1700,2023-07-13,82.00180053710938
1701,2023-07-14,82.03079986572266
1702,2023-07-17,82.07679748535156
1703,2023-07-18,82.06159973144531
1704,2023-07-19,82.07540130615234
1705,2023-07-20,82.06169891357422
1706,2023-07-21,82.0823974609375
1707,2023-07-24,81.99030303955078
1708,2023-07-25,81.81420135498047
1709,2023-07-26,81.95010375976562
1710,2023-07-27,81.97550201416016
1711,2023-07-28,82.3749008178711
1712,2023-07-31,82.25279998779297
1713,2023-08-01,82.2332992553711
1714,2023-08-02,82.30729675292969
1715,2023-08-03,82.7332992553711
1716,2023-08-04,82.7843017578125
1717,2023-08-07,82.69529724121094
1718,2023-08-08,82.74829864501953
1719,2023-08-09,82.84500122070312
1720,2023-08-10,82.86630249023438
1721,2023-08-11,82.79989624023438
1722,2023-08-14,82.89730072021484
1723,2023-08-15,83.2333984375
1724,2023-08-16,83.19419860839844
1725,2023-08-17,83.23699951171875
1726,2023-08-18,83.09829711914062
1727,2023-08-21,83.16729736328125
1728,2023-08-22,83.1135025024414
1729,2023-08-23,83.07330322265625
1730,2023-08-24,82.5447006225586
1731,2023-08-25,82.64140319824219
1732,2023-08-28,82.66429901123047
1733,2023-08-29,82.69149780273438
1734,2023-08-30,82.49469757080078
1735,2023-08-31,82.70040130615234
1736,2023-09-01,82.68240356445312
1737,2023-09-04,82.6969985961914
1738,2023-09-05,82.7345962524414
1739,2023-09-06,83.08609771728516
1740,2023-09-07,83.25740051269531
1741,2023-09-08,83.24150085449219
1742,2023-09-11,83.03130340576172
1743,2023-09-12,82.94329833984375
1744,2023-09-13,82.84300231933594
1745,2023-09-14,82.93679809570312
1746,2023-09-15,83.0282974243164
1747,2023-09-18,83.08580017089844
1748,2023-09-19,83.25489807128906
1749,2023-09-20,83.19499969482422
1750,2023-09-21,83.08699798583984
1751,2023-09-22,82.89129638671875
1752,2023-09-25,82.97480010986328
1753,2023-09-26,83.0282974243164
1754,2023-09-27,83.29869842529297
1755,2023-09-28,83.22270202636719
1756,2023-09-29,83.19300079345703
1757,2023-10-02,83.03479766845703
1758,2023-10-03,83.3593978881836
1759,2023-10-04,83.22979736328125
1760,2023-10-05,83.44979858398438
1761,2023-10-06,83.22489929199219
1762,2023-10-09,83.12460327148438
1763,2023-10-10,83.27030181884766
1764,2023-10-11,83.25029754638672
1765,2023-10-12,83.21800231933594
1766,2023-10-13,83.26239776611328
1767,2023-10-16,83.28230285644531
1768,2023-10-17,83.19950103759766
1769,2023-10-18,83.26429748535156
1770,2023-10-19,83.26860046386719
1771,2023-10-20,83.12229919433594
1772,2023-10-23,83.15979766845703
1773,2023-10-24,83.02940368652344
1774,2023-10-25,82.98780059814453
1775,2023-10-26,83.1709976196289
1776,2023-10-27,83.28250122070312
1777,2023-10-30,83.41339874267578
1778,2023-10-31,83.29650115966797
1779,2023-11-01,83.2771987915039
1780,2023-11-02,85.19400024414062
1781,2023-11-03,83.24729919433594
1782,2023-11-06,83.15850067138672
1783,2023-11-07,83.2228012084961
1784,2023-11-08,83.23269653320312
1785,2023-11-09,83.21769714355469
1786,2023-11-10,83.31939697265625
1787,2023-11-13,83.29889678955078
1788,2023-11-14,83.19760131835938
1789,2023-11-15,82.98159790039062
1790,2023-11-16,83.18620300292969
1791,2023-11-17,83.12030029296875
1792,2023-11-20,83.29149627685547
1793,2023-11-21,83.32219696044922
1794,2023-11-22,83.345703125
1795,2023-11-23,83.54830169677734
1796,2023-11-24,83.34400177001953
1797,2023-11-27,83.31449890136719
1798,2023-11-28,83.364501953125
1799,2023-11-29,83.41809844970703
1800,2023-11-30,83.3302993774414
1801,2023-12-01,83.35269927978516
1802,2023-12-04,83.21859741210938
1803,2023-12-05,83.41709899902344
1804,2023-12-06,83.31590270996094
1805,2023-12-07,83.28959655761719
1806,2023-12-08,83.35489654541016
1807,2023-12-11,83.43009948730469
1808,2023-12-12,83.34349822998047
1809,2023-12-13,83.39600372314453
1810,2023-12-14,83.2853012084961
1811,2023-12-15,83.29660034179688
1812,2023-12-18,83.04170227050781
1813,2023-12-19,83.11119842529297
1814,2023-12-20,83.09159851074219
1815,2023-12-21,83.26719665527344
1816,2023-12-22,83.13159942626953
1817,2023-12-25,83.16500091552734
1818,2023-12-26,83.17230224609375
1819,2023-12-27,83.18280029296875
1820,2023-12-28,83.26719665527344
1821,2023-12-29,82.302001953125
1822,2024-01-01,83.24859619140625
1823,2024-01-02,83.20259857177734
1824,2024-01-03,83.25700378417969
1825,2024-01-04,83.31809997558594
1826,2024-01-05,83.2406005859375
1827,2024-01-08,83.19110107421875
1828,2024-01-09,83.05069732666016
1829,2024-01-10,83.131103515625
1830,2024-01-11,83.02559661865234
1831,2024-01-12,83.07610321044922
1832,2024-01-15,82.87210083007812
1833,2024-01-16,82.8593978881836
1834,2024-01-17,83.08899688720703
1835,2024-01-18,83.17759704589844
1836,2024-01-19,83.16059875488281
1837,2024-01-22,83.12470245361328
1838,2024-01-23,83.09510040283203
1839,2024-01-24,83.22139739990234
1840,2024-01-25,83.09760284423828
1841,2024-01-26,83.14610290527344
1842,2024-01-29,83.12129974365234
1843,2024-01-30,83.1530990600586
1844,2024-01-31,83.10970306396484
1845,2024-02-01,83.05359649658203
1846,2024-02-02,82.92759704589844
1847,2024-02-05,82.99929809570312
1848,2024-02-06,83.10369873046875
1849,2024-02-07,83.07060241699219
1850,2024-02-08,83.01260375976562
1851,2024-02-09,82.98529815673828
1852,2024-02-12,83.0145034790039
1853,2024-02-13,82.99019622802734
1854,2024-02-14,83.07460021972656
1855,2024-02-15,83.04309844970703
1856,2024-02-16,83.00959777832031
1857,2024-02-19,83.01599884033203
1858,2024-02-20,83.02100372314453
1859,2024-02-21,82.8291015625
1860,2024-02-22,82.93840026855469
1861,2024-02-23,82.87229919433594
1862,2024-02-26,82.88179779052734
1863,2024-02-27,82.85199737548828
1864,2024-02-28,82.94819641113281
1865,2024-02-29,82.91190338134766
1866,2024-03-01,82.910400390625
1867,2024-03-04,82.84609985351562
1868,2024-03-05,82.9104995727539
1869,2024-03-06,82.88480377197266
1870,2024-03-07,82.81909942626953
1871,2024-03-08,82.7522964477539
1872,2024-03-11,82.7520980834961
1873,2024-03-12,82.7782974243164
1874,2024-03-13,82.83509826660156
1875,2024-03-14,82.83110046386719
1876,2024-03-15,82.9655990600586
1877,2024-03-18,82.88890075683594
1878,2024-03-19,82.86360168457031
1879,2024-03-20,83.04239654541016
1880,2024-03-21,83.05460357666016
1881,2024-03-22,83.22660064697266
1882,2024-03-25,83.59359741210938
1883,2024-03-26,83.41739654541016
1884,2024-03-27,83.34549713134766
1885,2024-03-28,83.36499786376953
1886,2024-03-29,83.39299774169922
1887,2024-04-01,83.36479949951172
1888,2024-04-02,83.40969848632812
1889,2024-04-03,83.35030364990234
1890,2024-04-04,83.37329864501953
1891,2024-04-05,83.47779846191406
1892,2024-04-08,83.29679870605469
1893,2024-04-09,83.26959991455078
1894,2024-04-10,83.22429656982422
1895,2024-04-11,83.4126968383789
1896,2024-04-12,83.34929656982422
1897,2024-04-15,83.61109924316406
1898,2024-04-16,83.50599670410156
1899,2024-04-17,83.6675033569336
1900,2024-04-18,83.5958023071289
1901,2024-04-19,83.54499816894531
1902,2024-04-22,83.38529968261719
1903,2024-04-23,83.38619995117188
1904,2024-04-24,83.2833023071289
1905,2024-04-25,83.3405990600586
1906,2024-04-26,83.30180358886719
1907,2024-04-29,83.40229797363281
1908,2024-04-30,83.45110321044922
1909,2024-05-01,83.49839782714844
1910,2024-05-02,83.40640258789062
1911,2024-05-03,83.40630340576172
1912,2024-05-06,83.37999725341797
1913,2024-05-07,83.4728012084961
1914,2024-05-08,83.46990203857422
1915,2024-05-09,83.46430206298828
1916,2024-05-10,83.45939636230469
1917,2024-05-13,83.5248031616211
1918,2024-05-14,83.50550079345703
1919,2024-05-15,83.52420043945312
1920,2024-05-16,83.40509796142578
1921,2024-05-17,83.47010040283203
1922,2024-05-20,83.30039978027344
1923,2024-05-21,83.31500244140625
1924,2024-05-22,83.31680297851562
1925,2024-05-23,83.26709747314453
1926,2024-05-24,83.2863998413086
1927,2024-05-27,83.05220031738281
1928,2024-05-28,83.14569854736328
1929,2024-05-29,83.20649719238281
1930,2024-05-30,83.3656005859375
1931,2024-05-31,83.3208999633789
1932,2024-06-03,83.45079803466797
1933,2024-06-04,83.09339904785156
1934,2024-06-05,83.62940216064453
1935,2024-06-06,83.38079833984375
1936,2024-06-07,83.47309875488281
1937,2024-06-10,83.52760314941406
1938,2024-06-11,83.52980041503906
1939,2024-06-12,83.5968017578125
1940,2024-06-13,83.5343017578125
1941,2024-06-14,83.52210235595703
1942,2024-06-17,83.55180358886719
1943,2024-06-18,83.51010131835938
1944,2024-06-19,83.37409973144531
1945,2024-06-20,83.41950225830078
1946,2024-06-21,83.60160064697266
1947,2024-06-24,83.5625
1948,2024-06-25,83.46040344238281
1949,2024-06-26,83.41459655761719
1950,2024-06-27,83.58039855957031
1951,2024-06-28,83.45089721679688
1952,2024-07-01,83.36750030517578
1953,2024-07-02,83.44129943847656
1954,2024-07-03,83.4791030883789
1955,2024-07-04,83.49120330810547
1956,2024-07-05,83.49340057373047
1957,2024-07-08,83.47209930419922
1958,2024-07-09,83.45760345458984
1959,2024-07-10,83.49299621582031
1960,2024-07-11,83.49590301513672
1961,2024-07-12,83.51850128173828
1962,2024-07-15,83.52030181884766
1963,2024-07-16,83.58760070800781
1964,2024-07-17,83.52960205078125
1965,2024-07-18,83.57209777832031
1966,2024-07-19,83.67430114746094
1967,2024-07-22,83.73030090332031
1968,2024-07-23,83.67130279541016
1969,2024-07-24,83.70680236816406
1970,2024-07-25,83.74299621582031
1971,2024-07-26,83.73760223388672
1972,2024-07-29,83.72779846191406
1973,2024-07-30,83.75050354003906
1974,2024-07-31,83.73899841308594
1975,2024-08-01,83.7177963256836
1976,2024-08-02,83.743896484375
1977,2024-08-05,83.73529815673828
1978,2024-08-06,84.00260162353516
1979,2024-08-07,83.93489837646484
1980,2024-08-08,83.94239807128906
1981,2024-08-09,83.98899841308594
1982,2024-08-12,83.94979858398438
1983,2024-08-13,83.88999938964844
1984,2024-08-14,83.88200378417969
1985,2024-08-15,83.97149658203125
1986,2024-08-16,83.94830322265625
1987,2024-08-19,83.88980102539062
1988,2024-08-20,83.87860107421875
1989,2024-08-21,83.77940368652344
1990,2024-08-22,83.88860321044922
1991,2024-08-23,83.94059753417969
1992,2024-08-26,83.81379699707031
1993,2024-08-27,83.88369750976562
1994,2024-08-28,83.92160034179688
1995,2024-08-29,83.94149780273438
1996,2024-08-30,83.89510345458984
1997,2024-09-02,83.86380004882812
1998,2024-09-03,83.92729949951172
1999,2024-09-04,83.95030212402344
2000,2024-09-05,83.98249816894531
2001,2024-09-06,83.98359680175781
2002,2024-09-09,83.98259735107422
2003,2024-09-10,83.98090362548828
2004,2024-09-11,83.98200225830078
2005,2024-09-12,83.99259948730469
2006,2024-09-13,83.93479919433594
2007,2024-09-16,83.88480377197266
2008,2024-09-17,83.88400268554688
2009,2024-09-18,83.77059936523438
2010,2024-09-19,83.69170379638672
2011,2024-09-20,83.61470031738281
2012,2024-09-23,83.48709869384766
2013,2024-09-24,83.55960083007812
2014,2024-09-25,83.56759643554688
2015,2024-09-26,83.62409973144531
2016,2024-09-27,83.61710357666016
2017,2024-09-30,83.71640014648438
2018,2024-10-01,83.82730102539062
2019,2024-10-02,83.87210083007812
2020,2024-10-03,83.91960144042969
2021,2024-10-04,84.0093994140625
2022,2024-10-07,84.02780151367188
2023,2024-10-08,83.96410369873047
2024,2024-10-09,83.91459655761719
2025,2024-10-10,83.94219970703125
2026,2024-10-11,83.94599914550781
2027,2024-10-14,84.16829681396484
2028,2024-10-15,84.04850006103516
2029,2024-10-16,84.05619812011719
2030,2024-10-17,84.03929901123047
2031,2024-10-18,84.05380249023438
2032,2024-10-21,84.0687026977539
2033,2024-10-22,84.07350158691406
2034,2024-10-23,84.08399963378906
2035,2024-10-24,84.06759643554688
2036,2024-10-25,84.08180236816406
2037,2024-10-28,84.10199737548828
2038,2024-10-29,84.10279846191406
2039,2024-10-30,84.08930206298828
2040,2024-10-31,84.08910369873047
2041,2024-11-01,84.09149932861328
2042,2024-11-04,84.13359832763672
2043,2024-11-05,84.15249633789062
2044,2024-11-06,84.11630249023438
2045,2024-11-07,84.2511978149414
2046,2024-11-08,84.306396484375
2047,2024-11-11,84.38289642333984
2048,2024-11-12,84.39649963378906
2049,2024-11-13,84.39530181884766
2050,2024-11-14,84.4229965209961
2051,2024-11-15,84.47380065917969
2052,2024-11-18,84.47750091552734
2053,2024-11-19,84.39849853515625
2054,2024-11-20,84.39759826660156
2055,2024-11-21,84.38310241699219
2056,2024-11-22,84.48829650878906
2057,2024-11-25,84.43599700927734
2058,2024-11-26,84.37750244140625
2059,2024-11-27,84.33910369873047
2060,2024-11-28,84.42030334472656
2061,2024-11-29,84.47160339355469
2062,2024-12-02,84.55699920654297
2063,2024-12-03,84.73709869384766
2064,2024-12-04,84.68309783935547
2065,2024-12-05,84.70700073242188
2066,2024-12-06,84.68379974365234
2067,2024-12-09,84.66600036621094
2068,2024-12-10,84.84729766845703
2069,2024-12-11,84.8740005493164
2070,2024-12-12,84.85710144042969
2071,2024-12-13,84.83920288085938
2072,2024-12-16,84.802001953125
2073,2024-12-17,84.91729736328125
2074,2024-12-18,84.91539764404297
2075,2024-12-19,85.16549682617188
2076,2024-12-20,85.27940368652344
2077,2024-12-23,84.94499969482422
2078,2024-12-24,85.0988998413086
2079,2024-12-25,85.18150329589844
2080,2024-12-26,85.41339874267578
2081,2024-12-27,85.26090240478516
2082,2024-12-30,85.38600158691406
2083,2024-12-31,85.7865982055664
2084,2025-01-02,85.78569793701172
2085,2025-01-03,85.80400085449219
2086,2025-01-06,85.75900268554688
2087,2025-01-07,85.68070220947266
2088,2025-01-08,85.80650329589844
2089,2025-01-09,85.90750122070312
2090,2025-01-10,85.91999816894531
2091,2025-01-13,86.18800354003906
2092,2025-01-14,86.65059661865234
2093,2025-01-15,86.535400390625
2094,2025-01-16,86.43099975585938
2095,2025-01-17,86.6061019897461
2096,2025-01-20,86.56900024414062
2097,2025-01-21,86.21109771728516
2098,2025-01-22,86.45189666748047
2099,2025-01-23,86.47270202636719
2100,2025-01-24,86.44020080566406
2101,2025-01-27,86.2030029296875
2102,2025-01-28,86.46839904785156
2103,2025-01-29,86.58460235595703
2104,2025-01-30,86.6406021118164
2105,2025-01-31,86.64700317382812
2106,2025-02-03,86.55400085449219
2107,2025-02-04,86.94339752197266
2108,2025-02-05,87.13009643554688
2109,2025-02-06,87.33409881591797
2110,2025-02-07,87.58830261230469
2111,2025-02-10,87.51309967041016
2112,2025-02-11,87.49009704589844
2113,2025-02-12,86.81120300292969
2114,2025-02-13,86.8740005493164
2115,2025-02-14,86.75409698486328
2116,2025-02-17,86.43460083007812
2117,2025-02-18,86.85479736328125
2118,2025-02-19,86.88719940185547
2119,2025-02-20,86.872802734375
2120,2025-02-21,86.45120239257812
2121,2025-02-24,86.52940368652344
2122,2025-02-25,86.69010162353516
2123,2025-02-26,87.0811996459961
2124,2025-02-27,87.16220092773438
2125,2025-02-28,87.3270034790039
2126,2025-03-03,87.46399688720703
2127,2025-03-04,87.32959747314453
2128,2025-03-05,87.21700286865234
2129,2025-03-06,86.88929748535156
2130,2025-03-07,87.12879943847656
2131,2025-03-10,87.07379913330078
2132,2025-03-11,87.3551025390625
2133,2025-03-12,87.20010375976562
2134,2025-03-13,87.3405990600586
2135,2025-03-14,86.9220962524414
2136,2025-03-17,86.93900299072266
2137,2025-03-18,86.91639709472656
2138,2025-03-19,86.57610321044922
2139,2025-03-20,86.33709716796875
2140,2025-03-21,86.33609771728516
2141,2025-03-24,85.98699951171875
2142,2025-03-25,85.53209686279297
2143,2025-03-26,85.59040069580078
2144,2025-03-27,86.09539794921875
2145,2025-03-28,85.69490051269531
