Date,Crude_Oil_Brent,USD_INR,VIX
03-01-2017,55.47000122,68.1339035,15.9575
04-01-2017,56.45999908,68.26979828,15.89
05-01-2017,56.88999939,67.88549805,15.05
06-01-2017,57.09999847,67.73300171,14.9125
09-01-2017,54.93999863,68.14260101,15.48
10-01-2017,53.63999939,68.09700012,15.195
11-01-2017,55.09999847,68.31800079,14.8075
12-01-2017,56.00999832,68.13999939,14.6125
13-01-2017,55.45000076,68.12950134,14.3825
17-01-2017,55.47000122,68.15779877,15.065
18-01-2017,53.91999817,68.09459686,15.3925
19-01-2017,54.15999985,67.89949799,15.1825
20-01-2017,55.49000168,68.19799805,15.02
23-01-2017,55.22999954,68.09030151,15.79
24-01-2017,55.43999863,68.07720184,15.905
25-01-2017,55.08000183,68.05139923,15.285
26-01-2017,56.24000168,68.16449738,15.17
27-01-2017,55.52000046,67.97299957,16.005
30-01-2017,55.22999954,68.14900208,16.67
31-01-2017,55.70000076,68.11000061,16.825
01-02-2017,55.65999985,67.82099915,13.97
02-02-2017,56.56000137,67.50160217,13.52
03-02-2017,56.81000137,67.395401,13.1275
06-02-2017,55.72000122,67.26560211,13.3975
07-02-2017,55.04999924,67.15730286,13.5075
08-02-2017,55.11999893,67.19529724,13.35
09-02-2017,55.63000107,67.34049988,13.235
10-02-2017,56.70000076,66.96430206,13.1775
13-02-2017,55.59000015,66.74530029,13.6925
14-02-2017,55.97000122,66.84369659,13.8025
15-02-2017,55.75,66.91539764,14.2125
16-02-2017,55.65000153,66.77590179,13.73
17-02-2017,55.81000137,66.8655014,13.4325
21-02-2017,56.65999985,67.16480255,13.61
22-02-2017,55.84000015,67.06520081,13.525
23-02-2017,56.58000183,66.96499634,13.7
24-02-2017,55.99000168,66.96510315,13.4
27-02-2017,55.93000031,66.91429901,13.675
28-02-2017,55.59000015,66.68280029,13.7925
01-03-2017,55.59999847,66.63500214,13.575
02-03-2017,55.08000183,66.69319916,13.3625
03-03-2017,55.90000153,66.70510101,13.3525
06-03-2017,56.00999832,66.85800171,13.64
07-03-2017,55.91999817,66.8451004,13.875
08-03-2017,53.11000061,66.77300262,14.075
09-03-2017,52.18999863,66.66470337,14.39
10-03-2017,51.36999893,66.61620331,13.9575
13-03-2017,51.34999847,66.76499939,12.4
14-03-2017,50.91999817,66.68049622,12.4225
15-03-2017,51.81000137,66.48500061,11.91
16-03-2017,51.74000168,66.17009735,11.8525
17-03-2017,51.75999832,65.77510071,12.0175
20-03-2017,51.61999893,65.62049866,11.9425
21-03-2017,50.95999908,65.40450287,12.27
22-03-2017,50.63999939,65.4681015,11.835
23-03-2017,50.56000137,65.33529663,11.9775
24-03-2017,50.79999924,65.49500275,12.435
27-03-2017,50.75,65.36499786,12.1175
28-03-2017,51.33000183,65.44439697,12.0875
29-03-2017,52.41999817,65.39309692,12.15
30-03-2017,52.95999908,65.04499817,12.42
31-03-2017,52.83000183,65.11000061,11.4925
03-04-2017,53.11999893,64.77999878,11.55
04-04-2017,54.16999817,64.79000092,11.29
05-04-2017,54.36000061,64.79669952,11.6925
06-04-2017,54.88999939,64.87750244,11.62
07-04-2017,55.24000168,65.05000305,11.395
10-04-2017,55.97999954,65.04000092,11.6275
11-04-2017,56.22999954,64.58000183,11.5775
12-04-2017,55.86000061,64.26000214,11.8925
13-04-2017,55.88999939,64.57499695,12.375
17-04-2017,55.36000061,64.62999725,12.215
18-04-2017,54.88999939,64.5,11.56
19-04-2017,52.93000031,64.44999695,11.4225
20-04-2017,52.99000168,64.4536972,11.625
21-04-2017,51.95999908,64.40830231,11.155
24-04-2017,51.59999847,64.56999969,11.74
25-04-2017,52.09999847,64.646698,11.07
26-04-2017,51.81999969,64.66000366,10.86
27-04-2017,51.43999863,64.63999939,11.4475
28-04-2017,51.72999954,64.38999939,11.5275
01-05-2017,51.52000046,64.34999847,11.3325
02-05-2017,50.45999908,64.01999664,11.9875
03-05-2017,50.79000092,64.05999756,11.665
04-05-2017,48.38000107,64.25830078,11.1125
05-05-2017,49.09999847,64.18000031,10.9475
08-05-2017,49.34000015,64.06999969,10.8375
09-05-2017,48.72999954,64.20999908,10.6275
10-05-2017,50.22000122,64.16999817,10.675
11-05-2017,50.77000046,64.30799866,10.56
12-05-2017,50.84000015,64.41179657,10.635
15-05-2017,51.81999969,64.63999939,11.785
16-05-2017,51.65000153,64.55000305,11.3025
17-05-2017,52.20999908,64.36000061,11.2025
18-05-2017,52.50999832,64.16549683,12.2025
19-05-2017,53.61000061,64.03829956,11.83
22-05-2017,53.86999893,63.90000153,10.4475
23-05-2017,54.15000153,64.23000336,10.8625
24-05-2017,53.95999908,64.87110138,11.7875
25-05-2017,51.45999908,64.44850159,11.765
26-05-2017,52.15000153,64.50019836,11.7625
30-05-2017,51.84000015,64.8852005,11.3075
31-05-2017,50.31000137,64.76010132,10.81
01-06-2017,50.33000183,64.54540253,11.015
02-06-2017,49.95000076,64.51319885,11.1325
05-06-2017,49.47000122,64.50859833,10.89
06-06-2017,50.11999893,64.61859894,11.0675
07-06-2017,48.06000137,64.50009918,10.8625
08-06-2017,47.86000061,64.37229919,11.4225
09-06-2017,48.15000153,64.40499878,11.34
12-06-2017,48.29000092,64.34400177,11.18
13-06-2017,48.72000122,64.42050171,11.325
14-06-2017,47,64.41829681,10.915
15-06-2017,46.91999817,64.24389648,10.6275
16-06-2017,47.36999893,64.3769989,10.6575
19-06-2017,46.90999985,64.46910095,10.915
20-06-2017,46.02000046,64.35749817,11.2075
21-06-2017,44.81999969,64.165802,11.5575
22-06-2017,45.22000122,64.55999756,12.5075
23-06-2017,45.54000092,64.39499664,11.99
26-06-2017,45.83000183,64.48760223,11.3825
27-06-2017,46.65000153,64.53050232,11.7325
28-06-2017,47.31000137,64.54160309,11.2
29-06-2017,47.41999817,64.59100342,11.275
30-06-2017,47.91999817,64.4980011,11.1525
03-07-2017,49.68000031,64.4213028,10.9825
05-07-2017,47.79000092,64.52480316,10.8675
06-07-2017,48.11000061,64.51190186,10.9125
07-07-2017,46.70999908,64.78510284,10.89
10-07-2017,46.88000107,64.60679626,11.0525
11-07-2017,47.52000046,64.84269714,11.2475
12-07-2017,47.74000168,64.76889801,11.1725
13-07-2017,48.41999817,64.79139709,11.4575
14-07-2017,48.90999985,64.71330261,11.49
17-07-2017,48.41999817,64.61170197,11.255
18-07-2017,48.84000015,64.52559662,11.315
19-07-2017,49.70000076,64.36499786,11.085
20-07-2017,49.29999924,64.42579651,11.3125
21-07-2017,48.06000137,64.26730347,10.9125
24-07-2017,48.59999847,64.33000183,11.17
25-07-2017,50.20000076,64.3062973,11.2175
26-07-2017,50.97000122,64.26329803,11.1375
27-07-2017,51.49000168,64.32499695,11.9
28-07-2017,52.52000046,64.46109772,11.9075
31-07-2017,52.65000153,64.36509705,11.9425
01-08-2017,52.63000107,64.4469986,11.6425
02-08-2017,52.36000061,64.34470367,11.39
03-08-2017,52.00999832,64.18499756,11.895
04-08-2017,52.41999817,64.12349701,12.77
07-08-2017,52.36999893,64.1894989,13.4525
08-08-2017,52.13999939,64.05580139,13.8025
09-08-2017,52.70000076,63.6405983,15.195
10-08-2017,51.90000153,63.6969986,14.3825
11-08-2017,52.09999847,63.6651001,14.2375
14-08-2017,50.72999954,63.83010101,14.34
15-08-2017,50.79999924,63.70289993,14.57
16-08-2017,50.27000046,63.88769913,14.815
17-08-2017,51.02999878,64.13860321,14.105
18-08-2017,52.72000122,64.08100128,13.1825
21-08-2017,51.65999985,64.17430115,12.5725
22-08-2017,51.86999893,64.26300049,12.64
23-08-2017,52.56999969,64.16049957,13.5425
24-08-2017,52.04000092,64.18890381,12.8875
25-08-2017,52.40999985,64.07589722,11.9525
28-08-2017,51.88999939,64.15750122,11.675
29-08-2017,52,64.05750275,13.165
30-08-2017,50.86000061,64.00499725,12.8875
31-08-2017,52.38000107,64.03500366,13.12
01-09-2017,52.31999969,63.99549866,13.0075
05-09-2017,53.38000107,63.78929901,12.9625
06-09-2017,54.20000076,63.98680115,12.36
07-09-2017,54.49000168,63.9762001,11.7575
08-09-2017,53.77999878,63.91189957,11.755
11-09-2017,53.84000015,64.01550293,11.47
12-09-2017,54.27000046,64.02629852,11.6775
13-09-2017,55.15999985,64.09999847,11.4425
14-09-2017,55.47000122,64.01540375,11.465
15-09-2017,55.61999893,63.95009995,11.6325
18-09-2017,55.47999954,63.93099976,11.6325
19-09-2017,55.13999939,63.97999954,12.81
20-09-2017,56.29000092,63.98759842,13.34
21-09-2017,56.43000031,64.11509705,12.9275
22-09-2017,56.86000061,64.15499878,13.8625
25-09-2017,59.02000046,64.12020111,13.1725
26-09-2017,58.43999863,64.21469879,12.485
27-09-2017,57.90000153,64.29869843,12.46
28-09-2017,57.40999985,64.28369904,11.8
29-09-2017,57.54000092,64.8022995,11.71
02-10-2017,56.11999893,64.89099884,11.1175
03-10-2017,56,65.26509857,11.3925
04-10-2017,55.79999924,65.34999847,11.1125
05-10-2017,57,65.52500153,11.73
06-10-2017,55.61999893,65.36000061,11.0425
09-10-2017,55.79000092,65.29329681,11.2625
10-10-2017,56.61000061,65.57170105,11.31
11-10-2017,56.93999863,65.44309998,11.61
12-10-2017,56.25,65.01950073,11.54
13-10-2017,57.16999817,65.20999908,12.395
16-10-2017,57.81999969,65.41419983,12.325
17-10-2017,57.88000107,65.41459656,11.59
18-10-2017,58.15000153,65.23889923,11.76
19-10-2017,57.22999954,65.20539856,11.6175
20-10-2017,57.75,65.04599762,11.475
23-10-2017,57.36999893,64.67299652,12.1125
24-10-2017,58.33000183,64.69460297,12.44
25-10-2017,58.43999863,64.92870331,12.1375
26-10-2017,59.29999924,65.0401001,12.005
27-10-2017,60.43999863,64.90460205,11.91
30-10-2017,60.90000153,65.10410309,13.0225
31-10-2017,61.36999893,65.03489685,13.2375
01-11-2017,61.29000092,65.07949829,13.61
02-11-2017,60.61999893,64.83999634,13.2675
03-11-2017,62.06999969,64.59999847,13.475
06-11-2017,64.26999664,64.87339783,14.045
07-11-2017,63.68999863,64.8423996,14.165
08-11-2017,63.49000168,64.67009735,14.265
09-11-2017,63.93000031,64.55509949,13.4625
10-11-2017,63.52000046,64.50050354,13.7125
13-11-2017,63.15999985,64.69339752,13.4325
14-11-2017,62.20999908,64.59089661,13.715
15-11-2017,61.86999893,65.16449738,14.0375
16-11-2017,61.36000061,64.91049957,13.865
17-11-2017,62.72000122,64.96800232,13.5125
20-11-2017,62.22000122,65.16030121,13.03
21-11-2017,62.56999969,65.43840027,13.1475
22-11-2017,63.31999969,65.41339874,13.06
24-11-2017,63.86000061,65.20999908,13.55
27-11-2017,63.84000015,64.90499878,14.795
28-11-2017,63.61000061,65.02500153,14.855
29-11-2017,63.11000061,64.76129913,15.0075
30-11-2017,63.56999969,64.76999664,15.0875
01-12-2017,63.49000168,64.57939911,14.2725
04-12-2017,62.45000076,64.54499817,13.6725
05-12-2017,62.86000061,64.43389893,14.1475
06-12-2017,61.22000122,64.47000122,15.2625
07-12-2017,62.20000076,64.41480255,15.945
08-12-2017,63.40000153,64.49939728,16.4075
11-12-2017,64.69000244,64.50900269,14.94
12-12-2017,63.34000015,64.35140228,13.115
13-12-2017,62.43999863,64.35690308,12.1875
14-12-2017,63.31000137,64.51519775,12.185
15-12-2017,63.22999954,64.54239655,12.085
18-12-2017,63.40999985,64.47299957,11.5875
19-12-2017,63.79999924,64.34999847,12.0525
20-12-2017,64.55999756,64.55000305,12.4925
21-12-2017,64.90000153,64.31999969,12.2975
22-12-2017,65.25,64.27500153,12.67
26-12-2017,67.01999664,64.07230377,13.3525
27-12-2017,66.44000244,64.20010376,13.685
28-12-2017,66.72000122,64.04759979,13.6225
29-12-2017,66.59999847,63.96500015,13.415
02-01-2018,66.56999969,64.00969696,13.1125
03-01-2018,67.83999634,64.00779724,13.735
04-01-2018,68.06999969,64.01049805,13.8475
05-01-2018,67.62000275,64.02819824,14.035
08-01-2018,67.77999878,64.11499786,14.0125
09-01-2018,68.81999969,64.06199646,13.7325
10-01-2018,69.19999695,63.84080124,14.305
11-01-2018,69.26000214,63.86759949,14.085
12-01-2018,69.87000275,63.45999908,13.86
16-01-2018,69.15000153,63.41910172,13.96
17-01-2018,69.37999725,63.36959839,13.9825
18-01-2018,69.30999756,63.26499939,15.3925
19-01-2018,68.61000061,63.45199966,16.225
22-01-2018,69.02999878,63.63610077,18.04
23-01-2018,69.95999908,63.75999832,17.5075
24-01-2018,70.52999878,63.67210007,17.8875
25-01-2018,70.41999817,63.58850098,16.415
26-01-2018,70.51999664,63.52119827,15.93
29-01-2018,69.45999908,63.99430084,14.1075
30-01-2018,69.01999664,63.82500076,15.25
31-01-2018,69.05000305,63.86759949,16.0525
01-02-2018,69.08000183,63.83209991,20.015
02-02-2018,68.58000183,63.88010025,19.465
05-02-2018,67.62000275,63.75049973,17.7725
06-02-2018,66.86000061,63.57789993,19.23
07-02-2018,65.51000214,63.57310104,17.8825
08-02-2018,64.80999756,63.56999969,17.185
09-02-2018,62.79000092,63.66939926,16.315
12-02-2018,62.59000015,63.76990128,16.3775
13-02-2018,62.72000122,63.66500092,16.6675
14-02-2018,64.36000061,63.97499847,16.8675
15-02-2018,64.33000183,64.13249969,15.92
16-02-2018,64.83999634,64.31469727,14.8325
20-02-2018,65.25,63.97999954,14.2025
21-02-2018,65.41999817,64.19999695,13.695
22-02-2018,66.38999939,64.44049835,13.9225
23-02-2018,67.30999756,64.21130371,13.805
26-02-2018,67.5,64.28350067,14.0725
27-02-2018,66.62999725,64.25009918,15.395
28-02-2018,65.77999878,64.02519989,16.245
01-03-2018,65.70999908,63.89089966,15.7
02-03-2018,64.37000275,64.37999725,14.585
05-03-2018,65.54000092,64.50499725,14.525
06-03-2018,65.79000092,64.86499786,14.4925
07-03-2018,64.33999634,64.89499664,14.4625
08-03-2018,63.61000061,64.95140076,14.3625
09-03-2018,65.48999786,64.70300293,14.33
12-03-2018,64.94999695,64.78040314,15.22
13-03-2018,64.63999939,64.91000366,15.82
14-03-2018,64.88999939,65.23999786,15.6075
15-03-2018,65.12000275,65.15000153,15.1075
16-03-2018,66.20999908,65.18669891,15.2475
19-03-2018,66.05000305,65.00370026,15.545
20-03-2018,67.41999817,64.88999939,15.195
21-03-2018,69.47000122,64.8911972,15.55
22-03-2018,68.91000366,65.0904007,15.7575
23-03-2018,70.44999695,64.96489716,15.3475
26-03-2018,70.12000275,64.94550323,15.185
27-03-2018,70.11000061,64.82810211,16.34
28-03-2018,69.52999878,64.83679962,14.7975
29-03-2018,70.26999664,65.01439667,14.7475
02-04-2018,67.63999939,65.06500244,14.8675
03-04-2018,68.12000275,65.21009827,14.4975
04-04-2018,68.01999664,65.23239899,14.72
05-04-2018,68.33000183,65.06559753,14.56
06-04-2018,67.11000061,65.16000366,14.14
09-04-2018,68.65000153,65.01499939,14.26
10-04-2018,71.04000092,64.69499969,14.0425
11-04-2018,72.05999756,64.89550018,14.11
12-04-2018,72.01999664,65.14920044,13.7475
13-04-2018,72.58000183,65.02999878,12.9375
16-04-2018,71.41999817,65.10549927,13.145
17-04-2018,71.58000183,65.13999939,11.895
18-04-2018,73.48000336,64.90499878,12.395
19-04-2018,73.77999878,64.99500275,12.0375
20-04-2018,74.05999756,64.8615036,12.0175
23-04-2018,74.70999908,64.90450287,12.3625
24-04-2018,73.86000061,64.87000275,12.84
25-04-2018,74,64.9253006,12.985
26-04-2018,74.73999786,65.19000244,13.25
27-04-2018,74.63999939,65.27570343,13.76
30-04-2018,75.16999817,65.19560242,14.055
01-05-2018,75.16999817,65.4292984,14.2725
02-05-2018,73.36000061,65.67500305,14.425
03-05-2018,73.62000275,66.01000214,13.9775
04-05-2018,74.87000275,66.1147995,14.245
07-05-2018,76.16999817,66.19689941,13.165
08-05-2018,74.84999847,66.54499817,13.435
09-05-2018,77.20999908,66.41410065,13.4075
10-05-2018,77.47000122,66.90769958,14.15
11-05-2018,77.12000275,66.90000153,14.41
14-05-2018,78.23000336,66.61000061,13.6025
15-05-2018,78.43000031,66.44999695,14.1575
16-05-2018,79.27999878,66.78869629,13.145
17-05-2018,79.30000305,67.08000183,12.645
18-05-2018,78.51000214,66.66000366,13.055
21-05-2018,79.22000122,66.8105011,13.07
22-05-2018,79.56999969,67.1187973,13.41
23-05-2018,79.80000305,67.16249847,13.2225
24-05-2018,78.79000092,67.62000275,13.57
25-05-2018,76.44000244,67.38999939,13.8825
29-05-2018,75.38999939,67.38220215,13.315
30-05-2018,77.5,67.6780014,12.55
31-05-2018,77.58999634,68.45999908,12.7775
01-06-2018,77.58999634,68.05999756,12.6975
04-06-2018,75.29000092,68.13999939,13.18
05-06-2018,75.37999725,67.97499847,12.73
06-06-2018,75.36000061,68.40000153,12.635
07-06-2018,77.31999969,68.43000031,12.095
08-06-2018,76.45999908,68.65000153,12.07
11-06-2018,76.45999908,68.26010132,12.38
12-06-2018,75.87999725,67.72170258,12.92
13-06-2018,76.73999786,67.40280151,12.1725
14-06-2018,75.94000244,68.12999725,12.4475
15-06-2018,73.44000244,67.43000031,12.0225
18-06-2018,75.33999634,67.43499756,12.5825
19-06-2018,75.08000183,66.92500305,12.7975
20-06-2018,74.73999786,67.05999756,13.51
21-06-2018,73.05000305,67.08999634,13.9475
22-06-2018,75.55000305,66.83010101,12.9375
25-06-2018,74.73000336,67.41000366,13.37
26-06-2018,76.30999756,67.51000214,13
27-06-2018,77.62000275,67.48999786,12.6575
28-06-2018,77.84999847,67.91000366,12.575
29-06-2018,79.44000244,67.77999878,12.4425
02-07-2018,77.30000305,68.12999725,12.39
03-07-2018,77.76000214,68.05000305,12.395
05-07-2018,77.38999939,68.01000214,12.775
06-07-2018,77.11000061,68.05000305,12.505
09-07-2018,78.06999969,68.34999847,12.3025
10-07-2018,78.86000061,67.83000183,12.9475
11-07-2018,73.40000153,67.85489655,12.825
12-07-2018,74.44999695,68.33999634,13.6825
13-07-2018,75.33000183,68.36499786,13.5925
16-07-2018,71.83999634,69.23999786,13.535
17-07-2018,72.16000366,68.79669952,13.005
18-07-2018,72.90000153,68.43499756,12.4675
19-07-2018,72.58000183,68.69480133,12.2075
20-07-2018,73.06999969,68.83000183,12.0275
23-07-2018,73.05999756,68.98000336,12.31
24-07-2018,73.44000244,69.06999969,12.585
25-07-2018,73.93000031,68.75499725,12.48
26-07-2018,74.54000092,68.65979767,12.53
27-07-2018,74.29000092,68.90000153,12.555
30-07-2018,74.97000122,68.72000122,12.0775
31-07-2018,74.25,68.54000092,12.5625
01-08-2018,74.25,68.48670197,12.5775
02-08-2018,73.44999695,68.72000122,12.54
03-08-2018,73.20999908,68.35600281,12.6775
06-08-2018,73.75,68.6155014,12.85
07-08-2018,74.65000153,68.93509674,13.4
08-08-2018,72.27999878,68.73329926,13.2825
09-08-2018,72.06999969,69.19999695,13.645
10-08-2018,72.80999756,68.80999756,13.16
13-08-2018,72.61000061,68.83999634,13.0325
14-08-2018,72.45999908,68.73999786,12.9025
15-08-2018,70.76000214,68.61499786,12.7575
16-08-2018,71.43000031,68.68499756,12.4075
17-08-2018,71.83000183,68.49680328,12.2375
20-08-2018,72.20999908,68.30709839,12.425
21-08-2018,72.62999725,68.6155014,12.435
22-08-2018,74.77999878,68.50499725,12.4125
23-08-2018,74.73000336,68.80999756,12.5975
24-08-2018,75.81999969,68.59600067,13.3925
27-08-2018,76.20999908,68.45500183,13.7825
28-08-2018,75.94999695,69.09999847,13.65
29-08-2018,77.13999939,69.08499908,13.7225
30-08-2018,77.76999664,69.94909668,13.89
31-08-2018,77.41999817,69.94999695,15.2025
04-09-2018,78.16999817,70.66000366,15.33
05-09-2018,77.26999664,70.00499725,14.25
06-09-2018,76.5,69.78500366,13.8425
07-09-2018,76.83000183,69.73999786,14.495
10-09-2018,77.37000275,69.80999756,14.415
11-09-2018,79.05999756,69.79000092,14.005
12-09-2018,79.73999786,70.27500153,15.535
13-09-2018,78.18000031,69.76499939,17.4275
14-09-2018,78.08999634,69.94499969,16.6825
17-09-2018,78.05000305,70.54000092,17.0875
18-09-2018,79.02999878,70.91000366,16.9225
19-09-2018,79.40000153,71.40499878,16.995
20-09-2018,78.69999695,70.99500275,16.835
21-09-2018,78.80000305,71.06999969,18.1175
24-09-2018,81.19999695,71.75,18.915
25-09-2018,81.87000275,71.88999939,19.7325
26-09-2018,81.33999634,71.93890381,20.1475
27-09-2018,81.72000122,72.09500122,19.755
28-09-2018,82.72000122,72.44499969,17.9075
01-10-2018,84.98000336,72.98999786,20.5475
02-10-2018,84.80000305,71.92520142,18.6275
03-10-2018,86.29000092,72.02749634,18.885
04-10-2018,84.58000183,72.09500122,17.3725
05-10-2018,84.16000366,72.53479767,17.98
08-10-2018,83.91000366,73.12000275,19.7875
09-10-2018,85,72.34500122,21.3575
10-10-2018,83.08999634,71.72000122,19.0375
11-10-2018,80.26000214,72.23000336,18.88
12-10-2018,80.43000031,73.30000305,18.9625
15-10-2018,80.77999878,73.08999634,19.2325
16-10-2018,81.41000366,72.76999664,19.825
17-10-2018,80.05000305,72.94999695,20.5025
18-10-2018,79.29000092,72.50499725,19.7975
19-10-2018,79.77999878,73.75499725,19.1925
22-10-2018,79.83000183,73.27999878,18.23
23-10-2018,76.44000244,73.84999847,19.4825
24-10-2018,76.16999817,74.22000122,18.505
25-10-2018,76.88999939,73.76300049,17.7225
26-10-2018,77.62000275,73.88999939,17.765
29-10-2018,77.33999634,74.55000305,19.3675
30-10-2018,75.91000366,74.59999847,18.695
31-10-2018,75.47000122,74.16000366,18.825
01-11-2018,75.5,73.6760025,18.455
02-11-2018,72.83000183,74.08000183,18.35
05-11-2018,73.16999817,73.45549774,19.255
06-11-2018,72.12999725,73.91999817,19.3275
07-11-2018,72.06999969,74.16000366,19.555
08-11-2018,70.65000153,73.46499634,19.16
09-11-2018,70.18000031,73.85949707,20.4025
12-11-2018,70.12000275,73.22129822,18.315
13-11-2018,65.47000122,73.22049713,17.96
14-11-2018,66.12000275,73.22019958,18.6975
15-11-2018,66.62000275,73.125,19.1625
16-11-2018,66.76000214,73.59059906,18.2225
19-11-2018,66.79000092,73.65000153,18.1075
20-11-2018,62.52999878,74.06999969,18.39
21-11-2018,63.47999954,73.30999756,19.305
23-11-2018,58.79999924,72.90499878,18.59
26-11-2018,60.47999954,72.86000061,20.4375
27-11-2018,60.20999908,73.23000336,17.945
28-11-2018,58.75999832,72.37999725,15.81
29-11-2018,59.50999832,72.90000153,15.55
30-11-2018,58.70999908,72.47000122,15.1575
03-12-2018,61.68999863,73.18000031,14.54
04-12-2018,62.08000183,72.55000305,14.5775
06-12-2018,60.06000137,72.40000153,14.66
07-12-2018,61.66999817,71.89170074,14.3325
10-12-2018,59.97000122,71.77500153,15.9925
11-12-2018,60.20000076,71.69000244,15.75
12-12-2018,60.15000153,71.41500092,15.92
13-12-2018,61.45000076,71.29499817,16.0725
14-12-2018,60.27999878,70.83499908,15.27
17-12-2018,59.61000061,70.66999817,16
18-12-2018,56.25999832,70.80999756,15.325
19-12-2018,57.24000168,70.87999725,16.3875
20-12-2018,54.34999847,70.59999847,16.79
21-12-2018,53.81999969,69.91999817,16.1625
24-12-2018,50.47000122,69.76000214,16.3025
26-12-2018,54.47000122,70.48500061,15.7
27-12-2018,52.15999985,70.62999725,15.27
28-12-2018,52.20000076,70.87000275,15.345
31-12-2018,53.79999924,70.75,15.3525
02-01-2019,54.90999985,71.36499786,16.1575
03-01-2019,55.95000076,72.73000336,15.5825
04-01-2019,57.06000137,72.62000275,16.0775
07-01-2019,57.33000183,72.15000153,16.2425
08-01-2019,58.72000122,71.54699707,16.6175
09-01-2019,61.43999863,71.91000366,18.1475
10-01-2019,61.68000031,71.58999634,17.985
11-01-2019,60.47999954,70.56999969,18.085
14-01-2019,58.99000168,70.6855011,17.435
15-01-2019,60.63999939,70.30000305,17.69
16-01-2019,61.31999969,70.13999939,18.8975
17-01-2019,61.18000031,70.23999786,18.4275
18-01-2019,62.70000076,70.23999786,17.85
22-01-2019,61.5,70.15000153,17.1225
23-01-2019,61.13999939,69.98999786,15.72
24-01-2019,61.09000015,69.92250061,15.7225
25-01-2019,61.63999939,69.70999908,15.78
28-01-2019,59.93000031,69.70999908,15.63
29-01-2019,61.31999969,69.95999908,15.435
30-01-2019,61.65000153,70.30000305,15.5675
31-01-2019,61.88999939,69.52500153,15.84
01-02-2019,61.86999893,69.80999756,15.75
04-02-2019,62.50999832,70.33000183,15.73
05-02-2019,61.97999954,70.55049896,15.7725
06-02-2019,62.68999863,70.72000122,16.46
07-02-2019,61.63000107,70.37000275,18
08-02-2019,62.09999847,71.08499908,18.4675
11-02-2019,61.50999832,71.09249878,17.055
12-02-2019,62.41999817,71.36499786,16.0525
13-02-2019,63.61000061,71.03019714,15.45
14-02-2019,64.56999969,71.23000336,15.3575
15-02-2019,66.25,71.5,17.115
19-02-2019,66.44999695,71.23020172,18.8975
20-02-2019,67.08000183,71.15730286,18.2775
21-02-2019,67.06999969,70.98999786,16.275
22-02-2019,67.12000275,70.97499847,15.6575
25-02-2019,64.76000214,71.09010315,15.61
26-02-2019,65.20999908,71.62000275,15.2925
27-02-2019,66.38999939,71.12000275,14.94
28-02-2019,66.02999878,71.19999695,14.895
01-03-2019,65.06999969,71.4516983,15.0975
04-03-2019,65.66999817,71.68499756,15.2775
05-03-2019,65.86000061,71.76999664,15.15
06-03-2019,65.98999786,71.54049683,15.865
07-03-2019,66.30000305,71.58000183,16.9
08-03-2019,65.73999786,71.15000153,16.4925
11-03-2019,66.58000183,71.23000336,16.0325
12-03-2019,66.66999817,70.80999756,16.275
13-03-2019,67.55000305,70.86509705,16.6725
14-03-2019,67.23000336,71.01000214,16.485
15-03-2019,67.16000366,71.31999969,17.0475
18-03-2019,67.54000092,71.69999695,16.6525
19-03-2019,67.61000061,71.59999847,17.185
20-03-2019,68.5,71.30000305,18.005
21-03-2019,67.86000061,71.18499756,18.0825
22-03-2019,67.02999878,71.03099823,18.7825
25-03-2019,67.20999908,71.08999634,18.65
26-03-2019,67.97000122,70.94000244,18.3925
27-03-2019,67.83000183,71.19000244,20.1525
28-03-2019,67.81999969,70.81600189,20.28
29-03-2019,68.38999939,70.98999786,21.13
01-04-2019,69.01000214,70.90000153,20.9575
02-04-2019,69.37000275,70.74250031,20.9975
03-04-2019,69.30999756,70.36499786,21.3875
04-04-2019,69.40000153,70.48750305,21.6925
05-04-2019,70.33999634,69.98690033,22.735
08-04-2019,71.09999847,69.7901001,24.05
09-04-2019,70.61000061,69.84500122,24.645
10-04-2019,71.73000336,69.7263031,23.7125
11-04-2019,70.83000183,69.33730316,23.2325
12-04-2019,71.55000305,68.95300293,21.7175
15-04-2019,71.18000031,68.61799622,21.8275
16-04-2019,71.72000122,69.31749725,22.9825
17-04-2019,71.62000275,68.82499695,24.0325
18-04-2019,71.97000122,68.93000031,26.4325
22-04-2019,74.04000092,69.16049957,26.4775
23-04-2019,74.51000214,68.92340088,26.365
24-04-2019,74.56999969,69.42749786,25.485
25-04-2019,74.34999847,69.37000275,26.335
26-04-2019,72.15000153,69.5,27.3825
29-04-2019,72.04000092,69.43000031,27.1325
30-04-2019,72.80000305,69.19529724,28.6575
01-05-2019,72.18000031,68.91020203,28.37
02-05-2019,70.75,68.84999847,28.075
03-05-2019,70.84999847,68.97039795,23.675
06-05-2019,71.23999786,69.16000366,25.6525
07-05-2019,69.87999725,69.55249786,27.6325
08-05-2019,70.37000275,69.26180267,19.405
09-05-2019,70.38999939,69.14019775,16.4675
10-05-2019,70.62000275,69.43000031,16.19
13-05-2019,70.23000336,69.16100311,15.9225
14-05-2019,71.23999786,69.80999756,16.4075
15-05-2019,71.76999664,69.88500214,15.61
16-05-2019,72.62000275,69.40100098,16.0675
17-05-2019,72.20999908,69.3809967,15.9675
20-05-2019,71.97000122,69.36000061,15.6275
21-05-2019,72.18000031,70.0625,15.525
22-05-2019,70.98999786,69.75800323,14.8575
23-05-2019,67.76000214,70.09580231,14.975
24-05-2019,68.69000244,70.16000366,14.49
28-05-2019,70.11000061,69.84200287,14.1225
29-05-2019,69.44999695,69.8117981,13.66
30-05-2019,66.87000275,69.55599976,13.895
31-05-2019,64.48999786,69.63289642,14.65
03-06-2019,61.27999878,69.42440033,14.6
04-06-2019,61.97000122,69.16799927,14.73
05-06-2019,60.63000107,69.40029907,14
06-06-2019,61.66999817,69.91000366,14.61
07-06-2019,63.29000092,70.01000214,15.2225
10-06-2019,62.29000092,70.41000366,15.01
11-06-2019,62.29000092,69.92250061,14.75
12-06-2019,59.97000122,70.61699677,14.645
13-06-2019,61.31000137,70.30699921,14.9525
14-06-2019,62.00999832,70.209198,14.6025
17-06-2019,60.93999863,70.23500061,14.25
18-06-2019,62.13999939,70.28150177,13.695
19-06-2019,61.81999969,70.12750244,13.53
20-06-2019,64.44999695,69.97250366,13.065
21-06-2019,65.19999695,69.94499969,13.8525
24-06-2019,64.86000061,69.36000061,13.6875
25-06-2019,65.05000305,69.72000122,13.635
26-06-2019,66.48999786,69.875,12.47
27-06-2019,66.55000305,69.81500244,11.9975
28-06-2019,66.55000305,69.98000336,12.02
01-07-2019,65.05999756,69.56960297,11.56
02-07-2019,62.40000153,69.16190338,11.8
03-07-2019,63.81999969,69.55999756,11.75
05-07-2019,64.23000336,69.625,12.515
08-07-2019,64.11000061,69.36000061,13.01
09-07-2019,64.16000366,69.34500122,13.4275
10-07-2019,67.01000214,69.52349854,12.76
11-07-2019,66.51999664,69.3864975,12.635
12-07-2019,66.72000122,69.69999695,12.1325
15-07-2019,66.48000336,69.80000305,13.0625
16-07-2019,64.34999847,69.77050018,13.6125
17-07-2019,63.65999985,70.11250305,13.59
18-07-2019,61.93000031,69.76499939,14.5575
19-07-2019,62.47000122,69.87000275,15.1875
22-07-2019,63.25999832,69.77999878,16.585
23-07-2019,63.83000183,69.56990051,16.12
24-07-2019,63.18000031,69.60250092,16.74
25-07-2019,63.38999939,69.63749695,16.0925
26-07-2019,63.45999908,69.60250092,15.845
29-07-2019,63.70999908,69.32499695,17.7775
30-07-2019,64.72000122,68.94049835,16.3575
31-07-2019,65.16999817,69.16750336,16.6475
01-08-2019,60.5,69.08249664,16.7475
02-08-2019,61.88999939,69.00749969,16.6325
05-08-2019,59.81000137,68.73999786,17.0225
06-08-2019,58.93999863,68.44000244,17.8525
07-08-2019,56.22999954,68.84999847,17.3475
08-08-2019,57.38000107,68.76499939,16.655
09-08-2019,58.52999878,68.36759949,16.01
12-08-2019,58.56999969,68.66999817,16.835
13-08-2019,61.29999924,68.5503006,16.425
14-08-2019,59.47999954,68.74749756,16.2825
15-08-2019,58.22999954,68.89499664,18.055
16-08-2019,58.63999939,68.78600311,17.235
19-08-2019,59.74000168,68.84999847,17.2725
20-08-2019,60.02999878,68.83000183,16.275
21-08-2019,60.29999924,69.16000366,15.8525
22-08-2019,59.91999817,69.01999664,15.3725
23-08-2019,59.34000015,69.18499756,14.9
26-08-2019,58.70000076,69.15049744,14.12
27-08-2019,59.50999832,68.87000275,14.9525
28-08-2019,60.49000168,68.94999695,16.0175
29-08-2019,61.08000183,69.07749939,15.3525
30-08-2019,60.43000031,69.40499878,15.55
03-09-2019,58.25999832,69.29720306,15.4
04-09-2019,60.70000076,69.6568985,16.7925
05-09-2019,60.95000076,71.51999664,16.7325
06-09-2019,61.54000092,71.23000336,16.17
09-09-2019,62.59000015,71.1651001,16.3425
10-09-2019,62.38000107,70.47090149,16.115
11-09-2019,60.81000137,71.03500366,15.8725
12-09-2019,60.38000107,71.58000183,16.7575
13-09-2019,60.22000122,71.08000183,17.7025
16-09-2019,69.01999664,71.6352005,17.58
17-09-2019,64.55000305,71.72000122,17.83
18-09-2019,63.59999847,71.13200378,17.155
19-09-2019,64.40000153,71.99500275,17.2275
20-09-2019,64.27999878,71.80999756,17.14
23-09-2019,64.76999664,71.43779755,17.43
24-09-2019,63.09999847,71.92040253,16.85
25-09-2019,62.38999939,71.50250244,16.36
26-09-2019,62.74000168,72.16000366,15.8775
27-09-2019,61.90999985,71.53500366,15.9275
30-09-2019,60.77999878,72.08499908,16.81
01-10-2019,58.88999939,71.68019867,16.535
02-10-2019,57.68999863,71.72989655,16.24
03-10-2019,57.70999908,71.96209717,15.315
04-10-2019,58.36999893,72.45999908,16.42
07-10-2019,58.34999847,71.95570374,16.6575
08-10-2019,58.24000168,72.22000122,16.28
09-10-2019,58.31999969,71.66999817,15.7325
10-10-2019,59.09999847,72.09249878,15.925
11-10-2019,60.50999832,71.85900116,15.9175
14-10-2019,59.34999847,71.56009674,15.775
15-10-2019,58.74000168,71.28500366,15.2075
16-10-2019,59.41999817,71.02069855,15.855
17-10-2019,59.90999985,71.74909973,16.25
18-10-2019,59.41999817,71.70999908,16.4625
21-10-2019,58.95999908,71.54250336,15.65
22-10-2019,59.70000076,71.71749878,15.03
23-10-2019,61.16999817,71.19159698,15.755
24-10-2019,61.66999817,70.78959656,15.4125
25-10-2019,62.02000046,71.28500366,15.16
28-10-2019,61.56999969,71.30999756,14.975
29-10-2019,61.59000015,71.21499634,14.8725
30-10-2019,60.61000061,70.498703,15.0025
31-10-2019,60.22999954,70.92250061,14.8375
01-11-2019,61.68999863,71.09999847,14.6175
04-11-2019,62.13000107,71.14160156,13.9875
05-11-2019,62.95999908,71.01999664,13.8975
06-11-2019,61.74000168,70.81500244,14.2025
07-11-2019,62.29000092,71.36000061,14.5625
08-11-2019,62.50999832,71.20999908,13.3225
11-11-2019,62.18000031,71.41000366,14.305
12-11-2019,62.06000137,70.98000336,13.64
13-11-2019,62.36999893,70.91400146,14.5975
14-11-2019,62.27999878,71.45249939,14.29
15-11-2019,63.29999924,71.76000214,13.3775
18-11-2019,62.43999863,71.62000275,13.3475
19-11-2019,60.90999985,71.42250061,13.3
20-11-2019,62.40000153,71.02999878,13.415
21-11-2019,63.97000122,71.10500336,12.5175
22-11-2019,63.38999939,71.07499695,12.3375
25-11-2019,63.65000153,70.71499634,12.1225
26-11-2019,64.26999664,71.19000244,12.325
27-11-2019,64.05999756,70.83000183,11.9575
29-11-2019,62.43000031,70.73500061,11.625
02-12-2019,60.91999817,70.88459778,11.1225
03-12-2019,60.81999969,70.98999786,10.525
04-12-2019,63,70.97000122,11.0075
05-12-2019,63.38999939,70.51210022,11.6675
06-12-2019,64.38999939,71,11.5975
09-12-2019,64.25,70.89499664,11.49
10-12-2019,64.33999634,71,12.695
11-12-2019,63.72000122,71.37650299,14.7775
12-12-2019,64.19999695,71.37650299,14.61
13-12-2019,65.22000122,71.5739975,15.64
16-12-2019,65.33999634,71.77999878,13.9975
17-12-2019,66.09999847,72.14150238,14.0775
18-12-2019,66.16999817,71.95580292,14.275
19-12-2019,66.54000092,71.70580292,13.9125
20-12-2019,66.13999939,71.93509674,14.12
23-12-2019,66.38999939,71.85099792,14.1825
24-12-2019,67.19999695,71.76820374,14.1275
26-12-2019,67.91999817,71.7405014,15.41
27-12-2019,68.16000366,71.7826004,15.8625
30-12-2019,68.44000244,71.67949677,16.36
31-12-2019,66,71.42839813,15.855
02-01-2020,66.25,71.22810364,15.56
03-01-2020,68.59999847,71.54740143,17.175
06-01-2020,68.91000366,71.72299957,17.2975
07-01-2020,68.26999664,71.625,16.4975
08-01-2020,65.44000244,71.95999908,16.7975
09-01-2020,65.37000275,71.48010254,17.3675
10-01-2020,64.98000336,71.38500214,16.835
13-01-2020,64.19999695,71.28679657,15.7825
14-01-2020,64.48999786,70.96019745,14.38
15-01-2020,64,71.01000214,14.1725
16-01-2020,64.62000275,70.72930145,13.78
17-01-2020,64.84999847,70.55989838,13.7475
21-01-2020,64.58999634,70.68900299,14.21
22-01-2020,63.20999908,70.92050171,13.88
23-01-2020,62.04000092,71.21499634,13.6225
24-01-2020,60.68999863,70.98989868,13.37
27-01-2020,59.31999969,71.22270203,13.615
28-01-2020,59.50999832,71.02400208,14.415
29-01-2020,59.81000137,71.21070099,14.51
30-01-2020,58.29000092,71.45999908,14.0225
31-01-2020,58.15999985,71.54000092,13.7
03-02-2020,54.45000076,71.3003006,16.9975
04-02-2020,53.95999908,71.31300354,16.8975
05-02-2020,55.27999878,71.31099701,18.26
06-02-2020,54.93000031,71.27580261,17.765
07-02-2020,54.47000122,71.02500153,23.235
10-02-2020,53.27000046,71.41500092,25.2025
11-02-2020,54.00999832,71.73100281,24.5425
12-02-2020,55.79000092,71.78700256,24.225
13-02-2020,56.34000015,72.16000366,23.2475
14-02-2020,57.31999969,71.41190338,25.6425
18-02-2020,57.75,71.19429779,30.8
19-02-2020,59.11999893,70.95300293,31.555
20-02-2020,59.31000137,70.71890259,41.1625
21-02-2020,58.5,70.8451004,51.4725
24-02-2020,56.29999924,70.71800232,58.875
25-02-2020,54.95000076,70.94560242,62.925
26-02-2020,53.43000031,71.03469849,63.955
27-02-2020,52.18000031,71.03099823,72.1975
28-02-2020,50.52000046,71.16999817,67.1
02-03-2020,51.90000153,71.07810211,71.985
03-03-2020,51.86000061,71.32099915,83.6075
04-03-2020,51.13000107,71.32499695,77.625
05-03-2020,49.99000168,71.44000244,71.5325
06-03-2020,45.27000046,71.23040009,70.385
09-03-2020,34.36000061,71.30000305,71.89
10-03-2020,37.22000122,71.63999939,64.4075
11-03-2020,35.79000092,71.49649811,60.0525
12-03-2020,33.22000122,71.31410217,55.3025
13-03-2020,33.84999847,71.09999847,51.8
16-03-2020,30.04999924,71.18000031,52.2425
17-03-2020,28.72999954,71.47000122,49.745
18-03-2020,24.87999916,71.51550293,51.4575
19-03-2020,28.46999931,71.27999878,49.735
20-03-2020,26.97999954,71.27529907,46.095
23-03-2020,27.03000069,71.29620361,42.5925
24-03-2020,27.14999962,71.26850128,43.455
25-03-2020,27.38999939,71.51480103,45.1975
26-03-2020,26.34000015,71.34919739,42.8225
27-03-2020,24.93000031,71.57499695,39.23
30-03-2020,22.76000023,71.82749939,39.1175
31-03-2020,22.73999977,72.11000061,38.0425
01-04-2020,24.73999977,71.88680267,35.355
02-04-2020,29.94000053,72.04669952,33.8375
03-04-2020,34.11000061,71.87000275,33.9875
06-04-2020,33.04999924,71.66339874,43.67
07-04-2020,31.87000084,71.93000031,43.6075
08-04-2020,32.84000015,72.15000153,41.2475
09-04-2020,31.47999954,72.82499695,39.93
13-04-2020,31.73999977,73.34200287,38.4075
14-04-2020,29.60000038,74.04250336,38.0375
15-04-2020,27.69000053,73.85510254,38.205
16-04-2020,27.81999969,73.99530029,38.835
17-04-2020,28.07999992,74.40599823,38.1825
20-04-2020,25.56999969,74.20500183,38.0175
21-04-2020,19.32999992,74.76000214,40.915
22-04-2020,20.37000084,75.30000305,39.4525
23-04-2020,21.32999992,73.90399933,35.81
24-04-2020,21.44000053,75.15499878,32.985
27-04-2020,19.98999977,74.01239777,32.3775
28-04-2020,20.45999908,74.98200226,31.47
29-04-2020,22.54000092,75.15969849,31.2725
30-04-2020,25.27000046,75.62210083,30.0175
01-05-2020,26.44000053,76.5059967,30.22
04-05-2020,27.20000076,77.26000214,30.7425
05-05-2020,30.96999931,75.84549713,30.115
06-05-2020,29.71999931,74.7256012,30.0425
07-05-2020,29.45999908,75.46499634,29.69
08-05-2020,30.96999931,75.40000153,28.68
11-05-2020,29.62999916,75.32499695,29.6475
12-05-2020,29.97999954,77.56999969,30.205
13-05-2020,29.19000053,77.13999939,29.4375
14-05-2020,31.12999916,76.23000336,29.66
15-05-2020,32.5,75.96489716,30.8225
18-05-2020,34.81000137,76.66000366,32.5775
19-05-2020,34.65000153,75.95899963,32.965
20-05-2020,35.75,76.65000153,33.355
21-05-2020,36.06000137,76.16649628,31.455
22-05-2020,35.13000107,76.91000366,29.965
26-05-2020,36.16999817,75.93099976,30.46
27-05-2020,34.74000168,77.21250153,29.34
28-05-2020,35.29000092,77.56999969,29.5775
29-05-2020,35.33000183,76.55999756,29.7275
01-06-2020,38.31999969,77.20999908,28.735
02-06-2020,39.56999969,76.9693985,28.91
03-06-2020,39.79000092,76.40000153,29.1175
04-06-2020,39.99000168,76.42250061,28.1175
05-06-2020,42.29999924,76.27149963,26.5075
08-06-2020,40.79999924,76.18630219,25.7675
09-06-2020,41.18000031,76.46499634,25.1975
10-06-2020,41.72999954,75.25849915,25.1025
11-06-2020,38.54999924,75.72000122,26.1
12-06-2020,38.72999954,75.60050201,24.9125
15-06-2020,39.72000122,75.84999847,24.9425
16-06-2020,40.95999908,76.16999817,25.2525
17-06-2020,40.70999908,76.15129852,26.6375
18-06-2020,41.50999832,76.08000183,26.29
19-06-2020,42.18999863,75.52500153,25.3625
22-06-2020,43.08000183,76.30999756,24.1575
23-06-2020,42.63000107,75.68000031,24.7125
24-06-2020,40.31000137,75.42620087,24.4275
25-06-2020,41.04999924,75.48500061,24.885
26-06-2020,41.02000046,75.81999969,24.64
29-06-2020,41.70999908,75.60009766,24.535
30-06-2020,41.15000153,76,25.0175
01-07-2020,42.02999878,75.77999878,23.6425
02-07-2020,43.13999939,75.625,24.1125
06-07-2020,43.09999847,75.98500061,24.7275
07-07-2020,43.08000183,76.11000061,24.1925
08-07-2020,43.29000092,75.81999969,25.185
09-07-2020,42.34999847,76.12999725,23.815
10-07-2020,43.24000168,75.95999908,23.5675
13-07-2020,42.72000122,75.51319885,23.15
14-07-2020,42.90000153,75.73000336,22.5775
15-07-2020,43.79000092,75.06580353,22.51
16-07-2020,43.36999893,75.54499817,21.36
17-07-2020,43.13999939,75.49089813,20.845
20-07-2020,43.27999878,75.5177002,20.5675
21-07-2020,44.31999969,75.625,21.6725
22-07-2020,44.29000092,75.50980377,21.3075
23-07-2020,43.31000137,75.875,20.43
24-07-2020,43.34000015,76.38999939,19.9575
27-07-2020,43.40999985,75.95680237,20.6175
28-07-2020,43.22000122,75.97799683,19.9375
29-07-2020,43.75,76.65499878,19.23
30-07-2020,42.93999863,76.55000305,19.315
31-07-2020,43.29999924,76.40039825,19.3025
03-08-2020,44.15000153,76.25209808,18.895
04-08-2020,44.43000031,75.78980255,18.3475
05-08-2020,45.16999817,75.60780334,22.835
06-08-2020,45.09000015,75.97000122,21.8
07-08-2020,44.40000153,75.53980255,21.105
10-08-2020,44.99000168,75.61979675,20.5025
11-08-2020,44.5,75.69999695,22.1525
12-08-2020,45.43000031,75.75,22.0075
13-08-2020,44.95999908,75.45490265,22.7225
14-08-2020,44.79999924,74.72100067,22.23
17-08-2020,45.36999893,74.6792984,21.2625
18-08-2020,45.45999908,74.60759735,20.7125
19-08-2020,45.36999893,75.125,21.19
20-08-2020,44.90000153,74.93990326,20.5975
21-08-2020,44.34999847,75.33999634,19.66
24-08-2020,45.13000107,75.15850067,20.1
25-08-2020,45.86000061,75.44999695,20.045
26-08-2020,45.63999939,75.57499695,22.1875
27-08-2020,45.09000015,75.12490082,21.41
28-08-2020,45.04999924,75.17449951,20.99
31-08-2020,45.27999878,74.89730072,23.51
01-09-2020,45.58000183,74.98999786,20.675
02-09-2020,44.43000031,74.76999664,19.5725
03-09-2020,44.06999969,74.81999969,19.775
04-09-2020,42.65999985,74.80729675,19.53
08-09-2020,39.77999878,74.75980377,18.35
09-09-2020,40.79000092,75,19.705
10-09-2020,40.06000137,75.08999634,19.635
11-09-2020,39.83000183,74.83119965,20.06
14-09-2020,39.61000061,74.98999786,20.38
15-09-2020,40.52999878,74.9178009,20.38
16-09-2020,42.22000122,75.33000183,21.1275
17-09-2020,43.29999924,75.25,20.715
18-09-2020,43.15000153,74.88220215,20.21
21-09-2020,41.43999863,74.89980316,22.0575
22-09-2020,41.72000122,75.02480316,21.645
23-09-2020,41.77000046,75.09999847,21.8175
24-09-2020,41.93999863,74.90000153,22.69
25-09-2020,41.91999817,74.77210236,22.915
28-09-2020,42.43000031,75.02999878,22.635
29-09-2020,41.02999878,74.90280151,21.8275
30-09-2020,40.95000076,75,22.8325
01-10-2020,40.93000031,74.79499817,22.195
02-10-2020,39.27000046,74.96679688,23.28
05-10-2020,41.29000092,74.99990082,24.0225
06-10-2020,42.65000153,74.92179871,24.7525
07-10-2020,41.99000168,74.40000153,25.21
08-10-2020,43.34000015,74.45249939,24.24
09-10-2020,42.84999847,74.24009705,23.2
12-10-2020,41.72000122,73.77449799,20.965
13-10-2020,42.45000076,73.12830353,20.4975
14-10-2020,43.31999969,73.66999817,20.1125
15-10-2020,43.15999985,73.26999664,21.5775
16-10-2020,42.93000031,73.24849701,22.0325
19-10-2020,42.61999893,73.44789886,20.62
20-10-2020,43.15999985,73.29029846,19.7025
21-10-2020,41.72999954,73.65000153,19.8025
22-10-2020,42.45999908,73.78679657,19.12
23-10-2020,41.77000046,73.55000305,19.57
26-10-2020,40.45999908,73.52729797,19.6175
27-10-2020,41.20000076,73.47859955,20.7975
28-10-2020,39.11999893,73.61499786,21.0575
29-10-2020,37.65000153,73.80000305,23.1275
30-10-2020,37.45999908,73.55069733,20.0225
02-11-2020,38.97000122,73.58360291,19.8175
03-11-2020,39.70999908,73.53479767,20.1825
04-11-2020,41.22999954,73.57980347,19.9075
05-11-2020,40.93000031,73.50299835,19
06-11-2020,39.45000076,73.77839661,18.0275
09-11-2020,42.40000153,73.68240356,18.025
10-11-2020,43.61000061,73.69930267,18.6175
11-11-2020,43.79999924,73.97499847,18.92
12-11-2020,43.52999878,73.84500122,18.7125
13-11-2020,42.77999878,73.70500183,18.79
16-11-2020,43.81999969,73.21700287,19.4025
17-11-2020,43.75,73.32240295,19.345
18-11-2020,44.34000015,73.10829926,19.2
19-11-2020,44.20000076,73.81500244,19.1575
20-11-2020,44.95999908,73.54250336,18.6225
23-11-2020,46.06000137,73.28050232,23.19
24-11-2020,47.86000061,73.01480103,21.985
25-11-2020,48.61000061,73.35079956,20.495
27-11-2020,48.18000031,73.62000275,19.9675
30-11-2020,47.59000015,73.29620361,20.4275
01-12-2020,47.41999817,73.3710022,20.79
02-12-2020,48.25,73.44380188,21.11
03-12-2020,48.70999908,73.57499695,21.095
04-12-2020,49.25,73.64749908,19.56
07-12-2020,48.79000092,73.6812973,20.03
08-12-2020,48.84000015,73.72000122,20.46
09-12-2020,48.86000061,73.82289886,20.995
10-12-2020,50.25,73.94850159,20.615
11-12-2020,49.97000122,73.80500031,20.64
14-12-2020,50.29000092,74.44000244,22.3825
15-12-2020,50.75999832,74.26399994,22.8475
16-12-2020,51.08000183,74.55049896,23.2925
17-12-2020,51.5,74.45680237,23.0275
18-12-2020,52.25999832,74.6556015,24.01
21-12-2020,50.90999985,74.37999725,24.395
22-12-2020,50.08000183,74.12000275,22.8975
23-12-2020,51.20000076,73.97979736,21.55
24-12-2020,51.29000092,73.95320129,22.18
28-12-2020,50.86000061,74.28160095,22.4225
29-12-2020,51.09000015,74.56999969,23.245
30-12-2020,51.34000015,74.86499786,24.3925
31-12-2020,51.79999924,74.48770142,24.29
04-01-2021,51.09000015,74.41809845,25.3425
05-01-2021,53.59999847,74.47969818,23.3225
06-01-2021,54.29999924,74.41999817,23.345
07-01-2021,54.38000107,74.09960175,23.745
08-01-2021,55.99000168,74.16239929,23.1225
11-01-2021,55.65999985,74.24490356,23.415
12-01-2021,56.58000183,73.96080017,23.9575
13-01-2021,56.06000137,73.7798996,24.27
14-01-2021,56.41999817,74.04879761,23.9525
15-01-2021,55.09999847,73.94090271,23.045
19-01-2021,55.90000153,74.02519989,22.0425
20-01-2021,56.08000183,73.65499878,21.475
21-01-2021,56.09999847,73.66259766,21.78
22-01-2021,55.40999985,73.86489868,21.505
25-01-2021,55.88000107,73.79029846,21.5425
26-01-2021,55.90999985,74.01999664,22.25
27-01-2021,55.81000137,73.72640228,25.47
28-01-2021,55.52999878,73.93499756,25.2275
29-01-2021,55.88000107,73.72669983,24.1675
01-02-2021,56.34999847,73.73799896,22.8925
02-02-2021,57.45999908,73.86000061,28.1425
03-02-2021,58.45999908,73.75980377,25.625
04-02-2021,58.84000015,73.61660004,23.605
05-02-2021,59.34000015,73.52980042,22.09
08-02-2021,60.56000137,73.60359955,24.15
09-02-2021,61.09000015,73.93530273,25.56
10-02-2021,61.47000122,74.26999664,24.675
11-02-2021,61.13999939,73.83979797,22.495
12-02-2021,62.43000031,73.55780029,20.7475
16-02-2021,63.34999847,73.68900299,21.7075
17-02-2021,64.33999634,73.54489899,21.2275
18-02-2021,63.93000031,73.45359802,20.19
19-02-2021,62.90999985,73.13400269,20.1575
22-02-2021,65.23999786,73.08920288,20.08
23-02-2021,65.37000275,73.09200287,19.9875
24-02-2021,67.04000092,73.31999969,20.4925
25-02-2021,66.87999725,73.37480164,20.665
26-02-2021,66.12999725,73.36000061,22.455
01-03-2021,63.68999863,73.44599915,22.6975
02-03-2021,62.70000076,73.37339783,20.65
03-03-2021,64.06999969,73.5134964,20.485
04-03-2021,66.73999786,73.16500092,20.645
05-03-2021,69.36000061,73.16989899,19.9875
08-03-2021,68.23999786,73.08760071,21.215
09-03-2021,67.51999664,73.15899658,20.84
10-03-2021,67.90000153,73.18869781,20.2475
11-03-2021,69.62999725,73.19190216,20.3125
12-03-2021,69.22000122,72.9108963,19.785
15-03-2021,68.87999725,72.95490265,22.995
16-03-2021,68.38999939,72.99590302,20.46
17-03-2021,68,72.97000122,20.89
18-03-2021,63.27999878,72.91999817,20.4025
19-03-2021,64.52999878,73.03710175,22.485
22-03-2021,64.62000275,72.938797,22.425
23-03-2021,60.79000092,72.90660095,23.025
24-03-2021,64.41000366,73.11979675,22.69
25-03-2021,61.95000076,72.91629791,23.495
26-03-2021,64.56999969,72.85800171,23.0825
29-03-2021,64.98000336,72.9457016,22.58
30-03-2021,64.13999939,72.78479767,23.305
31-03-2021,63.54000092,72.92990112,23.0275
01-04-2021,64.86000061,72.85489655,23.6925
05-04-2021,62.15000153,72.80729675,23.01
06-04-2021,62.74000168,72.70950317,21.9625
07-04-2021,63.15999985,72.59480286,22.035
08-04-2021,63.20000076,72.63870239,20.8225
09-04-2021,62.95000076,72.93499756,20.225
12-04-2021,63.27999878,72.79730225,19.83
13-04-2021,63.66999817,72.60540009,20.08
14-04-2021,66.58000183,72.5530014,20.2675
15-04-2021,66.94000244,72.44400024,19.6075
16-04-2021,66.76999664,72.3769989,19.24
19-04-2021,67.05000305,72.40000153,19.3175
20-04-2021,66.56999969,73.15090179,19.6525
21-04-2021,65.31999969,73.59590149,19.08
22-04-2021,65.40000153,73.30940247,19.13
23-04-2021,66.11000061,73.27749634,18.8425
26-04-2021,65.65000153,72.88069916,20.8725
27-04-2021,66.41999817,73.13179779,19.91
28-04-2021,67.26999664,73.13339996,17.4025
29-04-2021,68.55999756,73.33000183,16.885
30-04-2021,67.25,72.77590179,17.3875
03-05-2021,67.55999756,72.70600128,17.21
04-05-2021,68.87999725,72.63899994,15.745
05-05-2021,68.95999908,72.68299866,15.94
06-05-2021,68.08999634,72.51529694,15.5675
07-05-2021,68.27999878,72.51560211,15.225
10-05-2021,68.31999969,72.29560089,14.7525
11-05-2021,68.55000305,72.66880035,15.0025
12-05-2021,69.31999969,72.40499878,14.1025
13-05-2021,67.05000305,72.38050079,14.715
14-05-2021,68.70999908,72.61219788,14.605
17-05-2021,69.45999908,72.64559937,14.865
18-05-2021,68.70999908,72.6128006,15.2875
19-05-2021,66.66000366,72.44719696,14.7975
20-05-2021,65.11000061,72.74189758,15.06
21-05-2021,66.44000244,73.44529724,14.7375
24-05-2021,68.45999908,73.20349884,15.365
25-05-2021,68.65000153,73.28730011,15.0975
26-05-2021,68.87000275,73.37599945,13.3675
27-05-2021,69.45999908,73.27950287,13.4025
28-05-2021,69.62999725,73.48999786,13.0025
01-06-2021,70.25,74.40149689,13.045
02-06-2021,71.34999847,74.54450226,12.84
03-06-2021,71.30999756,74.72949982,12.09
04-06-2021,71.88999939,74.99099731,12.0675
07-06-2021,71.48999786,75.1815033,12.275
08-06-2021,72.22000122,75.02610016,12.2125
09-06-2021,72.22000122,74.72740173,13.56
10-06-2021,72.51999664,74.5632019,12.9425
11-06-2021,72.69000244,74.87819672,12.9925
14-06-2021,72.86000061,75.44920349,12.6225
15-06-2021,73.98999786,75.42949677,12.59
16-06-2021,74.38999939,75.09169769,12.27
17-06-2021,73.08000183,74.86810303,11.705
18-06-2021,73.51000214,74.81490326,12.68
21-06-2021,74.90000153,74.57499695,13.205
22-06-2021,74.80999756,74.3117981,11.885
23-06-2021,75.19000244,74.10579681,11.7625
24-06-2021,75.55999756,74.09480286,12.45
25-06-2021,76.18000031,73.83750153,13.2325
28-06-2021,74.68000031,73.77890015,13.6925
29-06-2021,74.76000214,73.79940033,12.945
30-06-2021,75.12999725,73.61519623,12.8025
01-07-2021,75.83999634,73.29029846,12.805
02-07-2021,76.16999817,73.5,13.7475
06-07-2021,74.52999878,73.37509918,13.2125
07-07-2021,73.43000031,73.68160248,12.8725
08-07-2021,74.12000275,73.44490051,12.6075
09-07-2021,75.55000305,73.27890015,12.605
12-07-2021,75.16000366,73.2696991,12.705
13-07-2021,76.48999786,73.12819672,12.7125
14-07-2021,74.76000214,73.22290039,12.3725
15-07-2021,73.47000122,73.02189636,12.99
16-07-2021,73.58999634,72.90979767,13.4575
19-07-2021,68.62000275,72.83660126,13.4125
20-07-2021,69.34999847,72.80490112,12.905
21-07-2021,72.23000336,72.67250061,14.015
22-07-2021,73.79000092,72.68299866,13.685
23-07-2021,74.09999847,72.39350128,13.1875
26-07-2021,74.5,72.48719788,13.4975
27-07-2021,74.48000336,72.85500336,13.5375
28-07-2021,74.73999786,72.96510315,13.405
29-07-2021,76.05000305,73.04419708,13.3175
30-07-2021,76.33000183,72.90969849,14.52
02-08-2021,72.88999939,72.80940247,14.185
03-08-2021,72.41000366,72.97530365,14.24
04-08-2021,70.37999725,72.98529816,14.5425
05-08-2021,71.29000092,73.01229858,15.105
06-08-2021,70.69999695,73.2315979,14.895
09-08-2021,69.04000092,73.18080139,14.41
10-08-2021,70.62999725,73.34470367,13.9425
11-08-2021,71.44000244,73.82409668,14.025
12-08-2021,71.30999756,74.25389862,13.575
13-08-2021,70.58999634,74.14389801,13.73
16-08-2021,69.51000214,74.1352005,14.4125
17-08-2021,69.02999878,74.3321991,15.2325
18-08-2021,68.23000336,74.24690247,17.4925
19-08-2021,66.44999695,74.19029999,16.52
20-08-2021,65.18000031,74.21299744,16.4925
23-08-2021,68.75,74.28540039,16.6025
24-08-2021,71.05000305,74.28759766,16.9225
25-08-2021,72.25,74.3710022,18.0525
26-08-2021,71.06999969,74.54499817,18.535
27-08-2021,72.69999695,74.48179626,18.8375
30-08-2021,73.41000366,74.31780243,18.4025
31-08-2021,72.98999786,74.76290131,17.21
01-09-2021,71.58999634,74.82189941,16.735
02-09-2021,73.02999878,74.7213974,16.3975
03-09-2021,72.61000061,74.4905014,17.3325
07-09-2021,71.69000244,74.54170227,16.155
08-09-2021,72.59999847,74.65910339,15.6525
09-09-2021,71.44999695,74.46910095,16.085
10-09-2021,72.91999817,74.53700256,15.8475
13-09-2021,73.51000214,74.63179779,16.1
14-09-2021,73.59999847,74.99340057,15.7675
15-09-2021,75.45999908,74.52700043,17.185
16-09-2021,75.66999817,74.44020081,17.3825
17-09-2021,75.33999634,74.45200348,18.3125
20-09-2021,73.91999817,74.44889832,18.035
21-09-2021,74.36000061,74.28949738,17.545
22-09-2021,76.19000244,74.50229645,17.61
23-09-2021,77.25,74.38999939,16.7525
24-09-2021,78.08999634,74.2519989,16.8275
27-09-2021,79.52999878,74.37909698,17.9125
28-09-2021,79.08999634,74.33200073,17.425
29-09-2021,78.63999939,74.21440125,17.235
30-09-2021,78.51999664,74.18399811,17.0625
01-10-2021,79.27999878,74.08200073,16.125
04-10-2021,81.26000214,74.49140167,15.7475
05-10-2021,82.55999756,74.46620178,16.34
06-10-2021,81.08000183,74.4355011,16.0025
07-10-2021,81.94999695,74.10299683,16.305
08-10-2021,82.38999939,74.26010132,16.3525
11-10-2021,83.65000153,74.21679688,15.2175
12-10-2021,83.41999817,74.13500214,15.465
13-10-2021,83.18000031,74.36450195,15.195
14-10-2021,84,74.26979828,14.98
15-10-2021,84.86000061,74.4292984,14.8575
18-10-2021,84.33000183,74.30149841,17.52
19-10-2021,85.08000183,74.10590363,18.015
20-10-2021,85.81999969,74.14479828,17.095
21-10-2021,84.61000061,74.09999847,16.6625
22-10-2021,85.52999878,74.15599823,20.8025
25-10-2021,85.98999786,73.49659729,20.83
26-10-2021,86.40000153,73.41120148,21.1675
27-10-2021,84.58000183,72.99669647,19.4475
28-10-2021,84.31999969,72.98509979,18.0875
29-10-2021,84.37999725,73.0542984,18.455
01-11-2021,84.70999908,72.99449921,20.0775
02-11-2021,84.72000122,73.11000061,18.46
03-11-2021,81.98999786,73.39040375,17.265
04-11-2021,80.54000092,73.78900146,16.6025
05-11-2021,82.73999786,73.53800201,16.06
08-11-2021,83.43000031,73.52429962,16.57
09-11-2021,84.77999878,73.540802,16.9525
10-11-2021,82.63999939,73.65080261,17.2175
11-11-2021,82.87000275,73.43800354,15.895
12-11-2021,82.16999817,73.56490326,16.3375
15-11-2021,82.05000305,73.69609833,18.965
16-11-2021,82.43000031,73.65899658,17.5375
17-11-2021,80.27999878,73.79270172,16.58
18-11-2021,81.23999786,73.87490082,15.825
19-11-2021,78.88999939,73.83999634,16.1475
22-11-2021,79.69999695,73.81289673,17.1175
23-11-2021,82.30999756,73.82530212,16.475
24-11-2021,82.25,74.16329956,16.2425
26-11-2021,72.72000122,74.3219986,16.565
29-11-2021,73.44000244,74.25440216,16.2225
30-11-2021,70.56999969,74.15209961,16.4525
01-12-2021,68.87000275,74.57279968,16.12
02-12-2021,69.66999817,74.5632019,17.2275
03-12-2021,69.87999725,74.76000214,17.9775
06-12-2021,73.08000183,74.83000183,17.6025
07-12-2021,75.44000244,75.30580139,17.6775
08-12-2021,75.81999969,75.40260315,17.7575
09-12-2021,74.41999817,75.48390198,17.1825
10-12-2021,75.15000153,75.3062973,16.705
13-12-2021,74.38999939,74.99500275,16.555
14-12-2021,73.69999695,75.00589752,16.765
15-12-2021,73.87999725,75.23549652,17.78
16-12-2021,75.01999664,75.12010193,17.8175
17-12-2021,73.51999664,74.80919647,17.79
20-12-2021,71.51999664,74.86540222,18.8875
21-12-2021,73.98000336,74.99369812,22.825
22-12-2021,75.29000092,75.08989716,21.3575
23-12-2021,76.84999847,74.88890076,21.065
27-12-2021,78.59999847,75.05000305,20.695
28-12-2021,78.94000244,74.79720306,21.9525
29-12-2021,79.23000336,74.92829895,19.9775
30-12-2021,79.31999969,74.82990265,18.65
31-12-2021,77.77999878,74.71199799,19.16
03-01-2022,78.98000336,74.4355011,18.8975
04-01-2022,80,74.47810364,20.4375
05-01-2022,80.80000305,74.19110107,19.685
06-01-2022,81.98999786,73.91850281,18.555
07-01-2022,81.75,74.17479706,17.71
10-01-2022,80.87000275,74.4048996,18.68
11-01-2022,83.72000122,74.32209778,22.9775
12-01-2022,84.66999817,74.33999634,20.6125
13-01-2022,84.47000122,74.43509674,20.5925
14-01-2022,86.05999756,74.45860291,22.005
18-01-2022,87.51000214,74.25980377,22.165
19-01-2022,88.44000244,74.17440033,22.9025
20-01-2022,88.37999725,74.30259705,26.6625
21-01-2022,87.88999939,74.42980194,24.5425
24-01-2022,86.26999664,74.4469986,31.9825
25-01-2022,88.19999695,74.625,26.74
26-01-2022,89.95999908,74.50579834,28.57
27-01-2022,89.33999634,74.9815979,29.2325
28-01-2022,90.02999878,75.05490112,28.155
31-01-2022,91.20999908,75.05090332,27.9575
01-02-2022,89.16000366,75.01789856,29.33
02-02-2022,89.47000122,74.98349762,28.5875
03-02-2022,91.11000061,75.23400116,27.4675
04-02-2022,93.26999664,75.39129639,25.5825
07-02-2022,92.69000244,75.40859985,25.345
08-02-2022,90.77999878,75.38330078,25.6775
09-02-2022,91.55000305,75.59919739,26.73
10-02-2022,91.41000366,75.70999908,24.1175
11-02-2022,94.44000244,75.82689667,22.61
14-02-2022,96.48000336,76.04720306,24.6225
15-02-2022,93.27999878,76.21140289,24.07
16-02-2022,94.80999756,76.16750336,24.7475
17-02-2022,92.97000122,76.0059967,23.93
18-02-2022,93.54000092,75.75869751,23.43
22-02-2022,96.83999634,75.68640137,22.61
23-02-2022,96.83999634,75.45850372,21.3025
24-02-2022,99.08000183,75.06739807,20.61
25-02-2022,97.93000031,75.31500244,20.56
28-02-2022,100.9899979,74.9803009,18.435
01-03-2022,104.9700012,74.74500275,17.9075
02-03-2022,112.9300003,74.57029724,18.4875
03-03-2022,110.4599991,74.43119812,19.0225
04-03-2022,118.1100006,74.51380157,18.9975
07-03-2022,123.2099991,74.40329742,17.6875
08-03-2022,127.9800034,74.53489685,18.27
09-03-2022,111.1399994,74.43009949,18.1575
10-03-2022,109.3300018,74.41929626,17.785
11-03-2022,112.6699982,74.26999664,19.335
14-03-2022,106.9000015,74.05699921,19.775
15-03-2022,99.91000366,73.81529999,18.6725
16-03-2022,98.01999664,73.79910278,17.8525
17-03-2022,106.6399994,73.97229767,18.3525
18-03-2022,107.9300003,74.3789978,21.2575
21-03-2022,115.6200027,74.25509644,19.1875
22-03-2022,115.4800034,74.61969757,20.605
23-03-2022,121.5999985,74.44920349,19.3775
24-03-2022,119.0299988,74.45220184,19.415
25-03-2022,120.6500015,74.41320038,20.2825
28-03-2022,112.4800034,74.64479828,21.8775
29-03-2022,110.2300034,74.77999878,20.2925
30-03-2022,113.4499969,74.89499664,21.25
31-03-2022,107.9100037,75.20929718,22.0325
01-04-2022,104.3899994,75.03900146,22.3025
04-04-2022,107.5299988,74.55580139,22.8025
05-04-2022,106.6399994,74.74549866,24.265
06-04-2022,101.0699997,74.82240295,23.485
07-04-2022,100.5800018,74.64389801,24.5275
08-04-2022,102.7799988,74.64219666,22.7425
11-04-2022,98.48000336,74.65830231,22.295
12-04-2022,104.6399994,74.69519806,24.5575
13-04-2022,108.7799988,74.80889893,23.1
14-04-2022,111.6999969,75.53839874,23.3975
18-04-2022,113.1600037,75.34100342,25.635
19-04-2022,107.25,75.68540192,25.2825
20-04-2022,106.8000031,75.17479706,22.7175
21-04-2022,108.3300018,75.04199982,21.48
22-04-2022,106.6500015,75.06300354,19.98
25-04-2022,102.3199997,74.68240356,20.4775
26-04-2022,104.9899979,74.51699829,20.845
27-04-2022,105.3199997,74.6230011,20.32
28-04-2022,107.5899963,74.63300323,19.975
29-04-2022,109.3399963,75.40830231,20.2025
02-05-2022,107.5800018,75.06800079,20.425
03-05-2022,104.9700012,75.28479767,19.8375
04-05-2022,110.1399994,75.80120087,19.14
05-05-2022,110.9000015,75.6309967,19.575
06-05-2022,112.3899994,75.89170074,22.365
09-05-2022,105.9400024,76.41799927,21.8875
10-05-2022,102.4599991,77.08080292,22.1475
11-05-2022,107.5100021,76.91449738,22.8675
12-05-2022,107.4499969,76.13490295,22.7575
13-05-2022,111.5500031,76.31030273,22.4125
16-05-2022,114.2399979,76.75370026,21.1425
17-05-2022,111.9300003,76.49009705,21.3
18-05-2022,109.1100006,76.26589966,20.88
19-05-2022,112.0400009,76.02420044,20.55
20-05-2022,112.5500031,75.9815979,21.005
23-05-2022,113.4199982,75.9464035,21.45
24-05-2022,113.5599976,76.30709839,21.9
25-05-2022,114.0299988,76.10189819,21.84
26-05-2022,117.4000015,76.55239868,21.25
27-05-2022,119.4300003,76.32350159,20.9725
31-05-2022,122.8399963,76.27850342,20.7875
01-06-2022,116.2900009,76.03410339,20.2675
02-06-2022,117.6100006,75.66670227,19.2025
03-06-2022,119.7200012,75.82779694,18.395
06-06-2022,119.5100021,75.90920258,18.3675
07-06-2022,120.5699997,75.99479675,18.5475
08-06-2022,123.5800018,75.47799683,18.52
09-06-2022,123.0699997,75.45069885,18.34
10-06-2022,122.0100021,75.94509888,17.5975
13-06-2022,122.2699966,75.91320038,17.16
14-06-2022,121.1699982,75.91729736,17.2025
15-06-2022,118.5100021,75.83699799,16.8225
16-06-2022,119.8099976,76.14980316,16.8575
17-06-2022,113.1200027,76.12169647,16.65
21-06-2022,114.6500015,76.30879974,17.68
22-06-2022,111.7399979,76.33139801,18.17
23-06-2022,110.0500031,76.28019714,18.13
24-06-2022,113.1200027,76.44539642,17.0125
27-06-2022,115.0899963,76.27619934,16.55
28-06-2022,117.9800034,76.28520203,17.485
29-06-2022,116.2600021,76.46350098,18.53
30-06-2022,114.8099976,76.52780151,18.45
01-07-2022,111.6299973,76.7940979,19.2575
05-07-2022,102.7699966,76.47219849,18.915
06-07-2022,100.6900024,76.58899689,19.3025
07-07-2022,104.6500015,76.52310181,19.5875
08-07-2022,107.0199966,76.52410126,18.355
11-07-2022,107.0999985,76.46730042,17.6075
12-07-2022,99.48999786,76.00160217,17.685
13-07-2022,99.56999969,76.54180145,17.6775
14-07-2022,99.09999847,76.95749664,17.35
15-07-2022,101.1600037,77.3655014,18.285
18-07-2022,106.2699966,77.27140045,19.0375
19-07-2022,107.3499985,77.41840363,19.05
20-07-2022,106.9199982,77.44380188,18.43
21-07-2022,103.8600006,77.48629761,19.57
22-07-2022,103.1999969,77.80539703,18.215
25-07-2022,105.1500015,77.37239838,19.8225
26-07-2022,104.4000015,77.81999969,18.7
27-07-2022,106.6200027,77.4210968,19.8725
28-07-2022,107.1399994,77.81839752,19.55
29-07-2022,110.0100021,77.52680206,19.6625
01-08-2022,100.0299988,77.47879791,19.525
02-08-2022,100.5400009,77.49729919,19.3675
03-08-2022,96.77999878,77.63020325,18.305
04-08-2022,94.12000275,77.69200134,17.7175
05-08-2022,94.91999817,77.52089691,17.9375
08-08-2022,96.65000153,77.59899902,17.47
09-08-2022,96.30999756,77.58409882,18.2775
10-08-2022,97.40000153,77.36049652,18.3925
11-08-2022,99.59999847,77.69419861,19.8225
12-08-2022,98.15000153,77.82099915,19.94
15-08-2022,95.09999847,77.67060089,18.7975
16-08-2022,92.33999634,77.72429657,19.325
17-08-2022,93.65000153,77.8187027,18.815
18-08-2022,96.58999634,78.17759705,20.5925
19-08-2022,96.72000122,78.16059875,21.8925
22-08-2022,96.48000336,77.98549652,21.5675
23-08-2022,100.2200012,77.90019989,22.095
24-08-2022,101.2200012,77.97769928,21.3025
25-08-2022,99.33999634,77.96140289,19.9675
26-08-2022,100.9899979,77.93399811,21.365
29-08-2022,105.0899963,78.13490295,19.57
30-08-2022,99.30999756,78.19309998,19.315
31-08-2022,96.48999786,78.14240265,18.8125
01-09-2022,92.36000061,78.25229645,19.6225
02-09-2022,93.01999664,78.44110107,20.49
06-09-2022,92.83000183,79.07319641,20.175
07-09-2022,88,78.89830017,20.29
08-09-2022,89.15000153,78.96299744,18.2575
09-09-2022,92.83999634,78.95069885,18.4175
12-09-2022,94,78.9394989,17.4525
13-09-2022,93.16999817,79.36840057,17.4875
14-09-2022,94.09999847,79.04389954,17.2325
15-09-2022,90.83999634,79.22160339,17.28
16-09-2022,91.34999847,79.33139801,17.4225
19-09-2022,92,79.47779846,16.88
20-09-2022,90.62000275,79.47640228,16.5975
21-09-2022,89.83000183,79.80750275,15.9225
22-09-2022,90.45999908,79.87830353,15.8025
23-09-2022,86.15000153,79.72049713,16.13
26-09-2022,84.05999756,80.03029633,16.6625
27-09-2022,86.26999664,79.85590363,15.9425
28-09-2022,89.31999969,80.00340271,15.655
29-09-2022,88.48999786,79.77590179,15.585
30-09-2022,87.95999908,79.87680054,15.915
03-10-2022,88.86000061,79.72250366,15.5675
04-10-2022,91.80000305,79.84120178,14.405
05-10-2022,93.37000275,79.84739685,14.91
06-10-2022,94.41999817,79.57150269,14.635
07-10-2022,97.91999817,79.19480133,15.1
10-10-2022,96.19000244,78.95570374,14.8775
11-10-2022,94.29000092,78.60449982,14.39
12-10-2022,92.44999695,79.11830139,14.7975
13-10-2022,94.56999969,79.1548996,13.8425
14-10-2022,91.62999725,79.41059875,14.0425
17-10-2022,91.62000275,79.60189819,13.4775
18-10-2022,90.02999878,79.57839966,13.3325
19-10-2022,92.41000366,79.09780121,13.565
20-10-2022,92.37999725,79.61399841,13.615
21-10-2022,93.5,79.62760162,13.8075
24-10-2022,93.26000214,79.55290222,13.36
25-10-2022,93.51999664,79.14600372,13.45
26-10-2022,95.69000244,79.35970306,13.7325
27-10-2022,96.95999908,79.76670074,14.0425
28-10-2022,95.76999664,79.91790009,14.0775
31-10-2022,94.83000183,79.88379669,13.3975
01-11-2022,94.65000153,79.85449982,13.4775
02-11-2022,96.16000366,79.79679871,13.3175
03-11-2022,94.66999817,79.88289642,12.8825
04-11-2022,98.56999969,79.95909882,12.885
07-11-2022,97.91999817,79.96790314,13.7325
08-11-2022,95.36000061,79.68229675,14.07
09-11-2022,92.65000153,79.54879761,13.5525
10-11-2022,93.66999817,79.71679688,13.78
11-11-2022,95.98999786,79.72450256,15.5625
14-11-2022,93.13999939,79.78299713,15.1875
15-11-2022,93.86000061,79.89510345,16.16
16-11-2022,92.86000061,79.64980316,15.9325
17-11-2022,89.77999878,79.70629883,15.29
18-11-2022,87.62000275,79.65579987,15.395
21-11-2022,87.44999695,79.3553009,14.8125
22-11-2022,88.36000061,79.60240173,14.8675
23-11-2022,85.41000366,79.4536972,14.685
25-11-2022,83.62999725,79.84909821,14.385
28-11-2022,83.19000244,79.6894989,15.1975
29-11-2022,83.02999878,79.70749664,14.9825
30-11-2022,85.43000031,79.76270294,15.025
01-12-2022,86.87999725,80.05069733,14.6525
02-12-2022,85.56999969,81.06220245,15.51
05-12-2022,82.68000031,81.25479889,15.435
06-12-2022,79.34999847,81.61579895,15.275
07-12-2022,77.16999817,81.72460175,14.46
08-12-2022,76.15000153,81.42870331,15.0225
09-12-2022,76.09999847,81.48059845,14.59
12-12-2022,77.98999786,81.52130127,14.3725
13-12-2022,80.68000031,81.49500275,13.96
14-12-2022,82.69999695,81.46549988,13.7875
15-12-2022,81.20999908,81.64880371,13.6175
16-12-2022,79.04000092,82.34899902,13.6575
19-12-2022,79.80000305,82.83229828,14.655
20-12-2022,79.98999786,82.42070007,17.32
21-12-2022,82.19999695,82.27390289,17.71
22-12-2022,80.98000336,82.19999695,16.875
23-12-2022,83.91999817,82.19210052,16.78
27-12-2022,84.33000183,82.41280365,15.7325
28-12-2022,83.26000214,82.19470215,14.3975
29-12-2022,82.26000214,82.28639984,14.6875
30-12-2022,85.91000366,82.99700165,14.125
03-01-2023,82.09999847,82.82569885,13.595
04-01-2023,77.83999634,82.54129791,13.04
05-01-2023,78.69000244,82.7614975,12.745
06-01-2023,78.56999969,82.44529724,13.68
09-01-2023,79.65000153,82.04959869,13.4525
10-01-2023,80.09999847,82.44249725,12.86
11-01-2023,82.66999817,82.23919678,12.89
12-01-2023,84.02999878,82.72899628,13.085
13-01-2023,85.27999878,82.68450165,13.3825
17-01-2023,85.91999817,82.88839722,14.0075
18-01-2023,84.98000336,82.68180084,15.5875
19-01-2023,86.16000366,81.97499847,15.075
20-01-2023,87.62999725,81.8259964,14.185
23-01-2023,88.19000244,81.40519714,13.875
24-01-2023,86.12999725,81.34380341,14.02
25-01-2023,86.12000275,80.48290253,12.995
26-01-2023,87.47000122,80.49700165,12.97
27-01-2023,86.66000366,80.99199677,12.18
30-01-2023,84.90000153,81.0714035,12.2675
31-01-2023,84.48999786,81.49530029,12.45
01-02-2023,82.83999634,81.52490234,12.725
02-02-2023,82.16999817,81.51989746,13.4125
03-02-2023,79.94000244,81.72769928,16.215
06-02-2023,80.98999786,81.71499634,16.2175
07-02-2023,83.69000244,81.63289642,16.295
08-02-2023,85.08999634,81.65540314,16.2175
09-02-2023,84.5,81.66970062,14.7675
10-02-2023,86.38999939,81.65029907,16.0075
13-02-2023,86.61000061,81.63089752,15.0825
14-02-2023,85.58000183,81.30529785,14.8075
15-02-2023,85.37999725,81.16220093,14.49
16-02-2023,85.13999939,81.42250061,15.24
17-02-2023,83,81.89900208,15.445
21-02-2023,83.05000305,82.37220001,15.1
22-02-2023,80.59999847,82.25350189,13.6275
23-02-2023,82.20999908,82.27919769,12.935
24-02-2023,83.16000366,82.41300201,12.585
27-02-2023,82.44999695,82.6446991,12.4125
28-02-2023,83.88999939,82.40249634,11.7975
01-03-2023,84.30999756,82.50800323,12.2725
02-03-2023,84.75,82.85790253,11.975
03-03-2023,85.83000183,82.72599792,12.2725
06-03-2023,86.18000031,82.58190155,11.9075
07-03-2023,83.29000092,82.63690186,12.265
08-03-2023,82.66000366,82.87860107,12.075
09-03-2023,81.58999634,82.87490082,12.1525
10-03-2023,82.77999878,82.60410309,11.94
13-03-2023,80.76999664,82.9029007,11.63
14-03-2023,77.44999695,82.77610016,11.6675
15-03-2023,73.69000244,82.85199738,11.52
16-03-2023,74.69999695,82.83509827,11.6525
17-03-2023,72.97000122,82.74980164,11.425
20-03-2023,73.79000092,82.70600128,10.9475
21-03-2023,75.31999969,82.78569794,11.8975
22-03-2023,76.69000244,82.66649628,11.84
23-03-2023,75.91000366,82.64520264,11.7325
24-03-2023,74.98999786,82.27339935,12.295
27-03-2023,78.12000275,82.18009949,12.635
28-03-2023,78.65000153,81.63739777,12.6775
29-03-2023,78.27999878,81.63179779,13.0825
30-03-2023,79.26999664,81.11560059,13.215
31-03-2023,79.76999664,81.27799988,12.8525
03-04-2023,84.93000031,81.65260315,13.1725
04-04-2023,84.94000244,81.52549744,13.2925
05-04-2023,84.98999786,81.43599701,13.105
06-04-2023,85.12000275,81.2397995,12.795
10-04-2023,84.18000031,80.97599792,12.3025
11-04-2023,85.61000061,81.48799896,12.57
12-04-2023,87.33000183,81.60189819,12.605
13-04-2023,86.08999634,81.50270081,13.1125
14-04-2023,86.30999756,81.44509888,12.52
17-04-2023,84.76000214,81.50800323,11.9
18-04-2023,84.76999664,81.57990265,12.2975
19-04-2023,83.12000275,81.7684021,12.01
20-04-2023,81.09999847,81.71029663,11.9725
21-04-2023,81.66000366,82.04589844,11.5975
24-04-2023,82.73000336,82.22599792,11.125
25-04-2023,80.76999664,82.75499725,11.1375
26-04-2023,77.69000244,82.74189758,11.38
27-04-2023,78.37000275,82.65950012,11.4425
28-04-2023,79.54000092,82.53320313,11.2575
01-05-2023,79.30999756,82.51300049,11.12
02-05-2023,75.31999969,82.59739685,11.245
03-05-2023,72.33000183,82.86759949,11.11
04-05-2023,72.5,82.73770142,11.1625
05-05-2023,75.30000305,82.69529724,11.08
08-05-2023,77.01000214,82.75800323,10.84
09-05-2023,77.44000244,82.69750214,11.225
10-05-2023,76.41000366,82.86119843,11.1325
11-05-2023,74.98000336,82.83529663,11.2925
12-05-2023,74.16999817,82.61789703,11.5475
15-05-2023,75.23000336,82.91799927,11.235
16-05-2023,74.91000366,82.65200043,11.395
17-05-2023,76.95999908,82.63539886,10.7775
18-05-2023,75.86000061,82.41989899,10.8875
19-05-2023,75.58000183,82.35569763,10.8
22-05-2023,75.98999786,81.71250153,11.54
23-05-2023,76.83999634,81.85440063,11.7
24-05-2023,78.36000061,82.07460022,11.8825
25-05-2023,76.26000214,81.96450043,11.84
26-05-2023,76.94999695,82.0184021,11.5325
30-05-2023,73.54000092,81.95800018,11.4625
31-05-2023,72.66000366,82.41739655,11.0125
01-06-2023,74.27999878,82.30490112,10.935
02-06-2023,76.12999725,82.71569824,10.9375
05-06-2023,76.70999908,82.62280273,10.6825
06-06-2023,76.29000092,82.53299713,11.315
07-06-2023,76.94999695,82.52909851,11.71
08-06-2023,75.95999908,82.67700195,11.6
09-06-2023,74.79000092,82.52580261,11.785
12-06-2023,71.83999634,82.26529694,11.485
13-06-2023,74.29000092,82.33879852,11.6525
14-06-2023,73.19999695,82.21489716,10.2425
15-06-2023,75.66999817,82.16429901,10.4575
16-06-2023,76.61000061,82.25540161,10.5125
20-06-2023,75.90000153,82.10050201,10.135
21-06-2023,77.12000275,82.18479919,10.4125
22-06-2023,74.13999939,82.14089966,10.2825
23-06-2023,73.84999847,82.1147995,11.2775
26-06-2023,74.18000031,81.94999695,11.185
27-06-2023,72.26000214,81.83129883,10.5725
28-06-2023,74.02999878,81.88480377,11.1025
29-06-2023,74.33999634,81.98390198,11.325
30-06-2023,74.90000153,82.07009888,11.14
03-07-2023,74.65000153,81.96060181,11.4
05-07-2023,76.65000153,81.68070221,11.5225
06-07-2023,76.51999664,81.84480286,11.995
07-07-2023,78.47000122,82.00370026,12.125
10-07-2023,77.69000244,82.10790253,12.24
11-07-2023,79.40000153,82.34010315,12.1425
12-07-2023,80.11000061,82.14089966,11.96
13-07-2023,81.36000061,82.05480194,11.7475
14-07-2023,79.87000275,81.85230255,11.7275
17-07-2023,78.5,81.99160004,11.7
18-07-2023,79.62999725,81.76689911,12.0825
19-07-2023,79.45999908,81.76509857,12.3975
20-07-2023,79.63999939,81.74479675,12.225
21-07-2023,81.06999969,81.77469635,11.8
24-07-2023,82.73999786,81.77870178,12.0625
25-07-2023,83.63999939,81.77999878,11.365
26-07-2023,82.91999817,81.7161026,10.9625
27-07-2023,84.23999786,81.72979736,10.815
28-07-2023,84.98999786,81.78710175,10.6775
31-07-2023,85.55999756,82.10500336,10.8725
01-08-2023,84.91000366,81.91989899,10.78
02-08-2023,83.19999695,82.10030365,11.3475
03-08-2023,85.13999939,82.20030212,11.69
04-08-2023,86.23999786,82.26670074,11.8275
07-08-2023,85.33999634,82.29599762,11.3175
08-08-2023,86.16999817,82.45030212,10.9025
09-08-2023,87.55000305,82.72509766,10.835
10-08-2023,86.40000153,82.90480042,11.1275
11-08-2023,86.80999756,82.82499695,10.8175
14-08-2023,86.20999908,82.89060211,10.66
15-08-2023,84.88999939,82.71369934,10.9
16-08-2023,83.44999695,82.74210358,11.185
17-08-2023,84.12000275,82.57479858,11.585
18-08-2023,84.80000305,82.57969666,12.8225
21-08-2023,84.45999908,82.68389893,11.4525
22-08-2023,84.02999878,82.66680145,11.7875
23-08-2023,83.20999908,82.27670288,11.655
24-08-2023,83.36000061,82.40979767,10.94
25-08-2023,84.48000336,82.51119995,10.3
28-08-2023,84.41999817,82.51719666,11.4
29-08-2023,85.48999786,82.61810303,11.27
30-08-2023,85.86000061,82.48829651,10.985
31-08-2023,86.86000061,82.44480133,10.6175
01-09-2023,88.55000305,82.33719635,10.6175
05-09-2023,90.04000092,82.29039764,11.07
06-09-2023,90.59999847,82.04499817,10.695
07-09-2023,89.91999817,81.91269684,10.965
08-09-2023,90.65000153,81.91480255,10.8975
11-09-2023,90.63999939,81.98139954,10.8175
12-09-2023,92.05999756,81.9917984,10.905
13-09-2023,91.87999725,81.9414978,11.3125
14-09-2023,93.69999695,81.91929626,11.73
15-09-2023,93.93000031,81.98480225,10.905
18-09-2023,94.43000031,82.00650024,11.49
19-09-2023,94.33999634,81.99839783,11.825
20-09-2023,93.52999878,82.02649689,12.0475
21-09-2023,93.30000305,82.07540131,11.075
22-09-2023,93.26999664,82.09629822,10.8825
25-09-2023,93.29000092,81.95010376,11.105
26-09-2023,93.95999908,82.00710297,11.1925
27-09-2023,96.55000305,82.39409637,11.0375
28-09-2023,95.37999725,82.7684021,10.9825
29-09-2023,95.30999756,82.61530304,11.1075
02-10-2023,90.70999908,82.52529907,11.1875
03-10-2023,90.91999817,82.39990234,11.135
04-10-2023,85.80999756,82.00180054,11.6475
05-10-2023,84.06999969,82.03079987,11.8275
06-10-2023,84.58000183,82.07679749,12.1475
09-10-2023,88.15000153,82.06159973,12.2325
10-10-2023,87.65000153,82.07540131,11.865
11-10-2023,85.81999969,82.06169891,11.315
12-10-2023,86,82.08239746,11.33
13-10-2023,90.88999939,81.99030304,12.175
16-10-2023,89.65000153,81.81420135,12.7075
17-10-2023,89.90000153,81.95010376,12.69
18-10-2023,91.5,81.97550201,12.3825
19-10-2023,92.37999725,82.37490082,12.9925
20-10-2023,92.16000366,82.25279999,13.4575
23-10-2023,89.83000183,82.23329926,13.74
24-10-2023,88.06999969,82.30729675,12.6725
25-10-2023,90.12999725,82.73329926,12.47
26-10-2023,87.93000031,82.78430176,12.7575
27-10-2023,90.48000336,82.69529724,12.7125
30-10-2023,87.44999695,82.74829865,12.065
31-10-2023,87.41000366,82.84500122,12.32
01-11-2023,84.62999725,82.86630249,13.1275
02-11-2023,86.84999847,82.79989624,13.9
03-11-2023,84.88999939,82.89730072,13.8675
06-11-2023,85.18000031,83.23339844,14.45
07-11-2023,81.61000061,83.19419861,13.7575
08-11-2023,79.54000092,83.23699951,13.7075
09-11-2023,80.01000214,83.09829712,14.6775
10-11-2023,81.43000031,83.16729736,15.5575
13-11-2023,82.51999664,83.1135025,15.14
14-11-2023,82.47000122,83.07330322,14.5025
15-11-2023,81.18000031,82.54470062,14.68
16-11-2023,77.41999817,82.6414032,14.58
17-11-2023,80.61000061,82.66429901,14.0975
20-11-2023,82.31999969,82.6914978,13.33
21-11-2023,82.44999695,82.49469757,12.63
22-11-2023,81.95999908,82.70040131,13.4625
23-11-2023,81.37000275,82.68240356,13.2625
24-11-2023,80.58000183,82.6969986,12.97
27-11-2023,79.98000336,82.73459625,12.7675
28-11-2023,81.68000031,83.08609772,13.1
29-11-2023,83.09999847,83.25740051,13.785
30-11-2023,82.83000183,83.24150085,13.5725
01-12-2023,78.87999725,83.03130341,15.08
04-12-2023,78.02999878,82.94329834,14.07
05-12-2023,77.19999695,82.84300232,13.8775
06-12-2023,74.30000305,82.9367981,13.715
07-12-2023,74.05000305,83.02829742,14.8525
08-12-2023,75.83999634,83.08580017,14.375
11-12-2023,76.02999878,83.25489807,13.865
12-12-2023,73.23999786,83.19499969,15.68
13-12-2023,74.26000214,83.08699799,16.1025
14-12-2023,76.61000061,82.89129639,16.0475
15-12-2023,76.55000305,82.97480011,14.455
18-12-2023,77.94999695,83.02829742,14.6975
19-12-2023,79.23000336,83.29869843,15.6175
20-12-2023,79.69999695,83.22270203,15.785
21-12-2023,79.38999939,83.19300079,15.505
22-12-2023,79.06999969,83.03479767,15.8275
26-12-2023,81.06999969,83.35939789,15.4475
27-12-2023,79.65000153,83.22979736,16.0625
28-12-2023,78.38999939,83.44979858,15.8075
29-12-2023,77.04000092,83.22489929,15.435
02-01-2024,75.88999939,83.12460327,15.225
03-01-2024,78.25,83.27030182,15.2225
04-01-2024,77.58999634,83.25029755,16.0175
05-01-2024,78.76000214,83.21800232,16.0725
08-01-2024,76.12000275,83.26239777,15.9275
09-01-2024,77.58999634,83.28230286,15.1975
10-01-2024,76.80000305,83.19950104,14.9725
11-01-2024,77.41000366,83.26429749,15.6
12-01-2024,78.29000092,83.26860046,15.7275
16-01-2024,78.29000092,83.12229919,16.33
17-01-2024,77.87999725,83.15979767,15.5725
18-01-2024,79.09999847,83.02940369,15.235
19-01-2024,78.55999756,82.9878006,14.9925
22-01-2024,80.05999756,83.17099762,14.9225
23-01-2024,79.55000305,83.28250122,14.38
24-01-2024,80.04000092,83.41339874,14.295
25-01-2024,82.43000031,83.29650116,13.6125
26-01-2024,83.55000305,83.27719879,13.995
29-01-2024,82.40000153,85.19400024,13.6375
30-01-2024,82.87000275,83.24729919,14.4325
31-01-2024,81.70999908,83.15850067,13.6225
01-02-2024,78.69999695,83.22280121,13.69
02-02-2024,77.33000183,83.23269653,13.895
05-02-2024,77.98999786,83.21769714,14.1125
06-02-2024,78.58999634,83.31939697,13.4725
07-02-2024,79.20999908,83.29889679,12.5125
08-02-2024,81.62999725,83.19760132,12.22
09-02-2024,82.19000244,82.9815979,12.82
12-02-2024,82,83.186203,12.7025
13-02-2024,82.76999664,83.12030029,12.8325
14-02-2024,81.59999847,83.29149628,12.0825
15-02-2024,82.86000061,83.32219696,11.6525
16-02-2024,83.47000122,83.34570313,11.3725
20-02-2024,82.33999634,83.5483017,11.22
21-02-2024,83.02999878,83.34400177,11.3375
22-02-2024,83.66999817,83.3144989,11.61
23-02-2024,81.62000275,83.36450195,11.355
26-02-2024,82.52999878,83.41809845,11.1075
27-02-2024,83.65000153,83.33029938,11.5325
28-02-2024,83.68000031,83.35269928,12.4675
29-02-2024,83.62000275,83.21859741,12.615
01-03-2024,83.55000305,83.417099,13.04
04-03-2024,82.80000305,83.31590271,13.4575
05-03-2024,82.04000092,83.28959656,12.7
06-03-2024,82.95999908,83.35489655,10.195
07-03-2024,82.95999908,83.43009949,10.275
08-03-2024,82.08000183,83.34349823,10.73
11-03-2024,82.20999908,83.39600372,10.925
12-03-2024,81.91999817,83.28530121,12.235
13-03-2024,84.02999878,83.29660034,12.87
14-03-2024,85.41999817,83.04170227,13.445
15-03-2024,85.33999634,83.11119843,14.6175
18-03-2024,86.88999939,83.09159851,16.6
19-03-2024,87.37999725,83.26719666,17.0075
20-03-2024,85.94999695,83.13159943,17.08
21-03-2024,85.77999878,83.16500092,18.2
22-03-2024,85.43000031,83.17230225,18.4725
25-03-2024,86.75,83.18280029,20.6
26-03-2024,86.25,83.26719666,20.195
27-03-2024,86.08999634,82.30200195,20.2725
28-03-2024,87.48000336,83.24859619,19.995
01-04-2024,87.41999817,83.20259857,19.7975
02-04-2024,88.91999817,83.25700378,20.525
03-04-2024,89.34999847,83.31809998,21.81
04-04-2024,90.65000153,83.24060059,21.4675
05-04-2024,91.16999817,83.19110107,21.38
08-04-2024,90.37999725,83.05069733,21.71
09-04-2024,89.41999817,83.13110352,23.1925
10-04-2024,90.48000336,83.02559662,24.195
11-04-2024,89.73999786,83.07610321,24.175
12-04-2024,90.44999695,82.87210083,24.175
15-04-2024,90.09999847,82.85939789,24.6025
16-04-2024,90.01999664,83.08899689,20.9375
17-04-2024,87.29000092,83.17759705,26.7475
18-04-2024,87.11000061,83.16059875,18.885
19-04-2024,87.29000092,83.12470245,16.8
22-04-2024,87,83.0951004,16.8825
23-04-2024,88.41999817,83.2213974,16.3975
24-04-2024,88.01999664,83.09760284,14.765
25-04-2024,89.01000214,83.14610291,14.3875
26-04-2024,89.5,83.12129974,13.4875
29-04-2024,88.40000153,83.15309906,12.8225
30-04-2024,87.86000061,83.10970306,12.965
01-05-2024,83.44000244,83.0535965,13.7125
02-05-2024,83.66999817,82.92759705,13.345
03-05-2024,82.95999908,82.9992981,13.18
06-05-2024,83.33000183,83.10369873,14.0575
07-05-2024,83.16000366,83.07060242,14.3125
08-05-2024,83.58000183,83.01260376,14.045
09-05-2024,83.87999725,82.98529816,14.1525
10-05-2024,82.79000092,83.01450348,13.8025
13-05-2024,83.36000061,82.99019623,13.83
14-05-2024,82.37999725,83.07460022,13.64
15-05-2024,82.75,83.04309845,13.205
16-05-2024,83.26999664,83.00959778,12.855
17-05-2024,83.98000336,83.01599884,12.695
20-05-2024,83.70999908,83.02100372,13.6
21-05-2024,82.87999725,82.82910156,14.28
22-05-2024,81.90000153,82.93840027,14.4325
23-05-2024,81.36000061,82.87229919,13.995
24-05-2024,82.12000275,82.88179779,13.725
28-05-2024,84.22000122,82.85199738,14.1875
29-05-2024,83.59999847,82.94819641,14.2225
30-05-2024,81.86000061,82.91190338,14.51
31-05-2024,81.62000275,82.91040039,14.825
03-06-2024,78.36000061,82.84609985,15.4375
04-06-2024,77.51999664,82.91049957,12.7475
05-06-2024,78.41000366,82.88480377,11.7625
06-06-2024,79.87000275,82.81909943,12.6175
07-06-2024,79.62000275,82.75229645,12.2475
10-06-2024,81.62999725,82.75209808,12.945
11-06-2024,81.91999817,82.77829742,12.88
12-06-2024,82.59999847,82.83509827,13.25
13-06-2024,82.75,82.83110046,12.93
14-06-2024,82.62000275,82.96559906,14.32
17-06-2024,84.25,82.88890076,20.3675
18-06-2024,85.33000183,82.86360168,18.7425
20-06-2024,85.70999908,83.04239655,16.17
21-06-2024,85.23999786,83.05460358,16.6025
24-06-2024,86.01000214,83.22660065,15.335
25-06-2024,85.01000214,83.59359741,15.8675
26-06-2024,85.25,83.41739655,16.1675
27-06-2024,86.38999939,83.34549713,15.435
28-06-2024,86.41000366,83.36499786,14.4025
01-07-2024,86.59999847,83.39299774,14.315
02-07-2024,86.23999786,83.3647995,13.82
03-07-2024,87.33999634,83.40969849,13.3325
05-07-2024,86.54000092,83.35030365,13
08-07-2024,85.75,83.37329865,13.5525
09-07-2024,84.66000366,83.47779846,13.795
10-07-2024,85.08000183,83.29679871,13.6325
11-07-2024,85.40000153,83.26959991,13.95
12-07-2024,85.02999878,83.22429657,13.7875
15-07-2024,84.84999847,83.41269684,13.3925
16-07-2024,83.73000336,83.34929657,14.06
17-07-2024,85.08000183,83.61109924,13.8425
18-07-2024,85.11000061,83.5059967,14.3775
19-07-2024,82.62999725,83.66750336,14.2075
22-07-2024,82.40000153,83.59580231,15.2175
23-07-2024,81.01000214,83.54499817,14.2375
24-07-2024,81.70999908,83.38529968,13.36
25-07-2024,82.37000275,83.38619995,13.6275
26-07-2024,81.12999725,83.28330231,13.1825
29-07-2024,79.77999878,83.34059906,12.55
30-07-2024,78.62999725,83.30180359,12.46
31-07-2024,80.72000122,83.40229797,12.59
01-08-2024,79.51999664,83.45110321,13.3725
02-08-2024,76.80999756,83.49839783,12.47
05-08-2024,76.30000305,83.40640259,12.79
06-08-2024,76.48000336,83.40630341,13.785
07-08-2024,78.33000183,83.37999725,13.3925
08-08-2024,79.16000366,83.47280121,12.7425
09-08-2024,79.66000366,83.46990204,12.0025
12-08-2024,82.30000305,83.46430206,11.9625
13-08-2024,80.69000244,83.45939636,12.7875
14-08-2024,79.76000214,83.52480316,11.9875
15-08-2024,81.04000092,83.50550079,13.17
16-08-2024,79.68000031,83.52420044,14.1275
19-08-2024,77.66000366,83.40509796,15.08
20-08-2024,77.19999695,83.4701004,14.5875
21-08-2024,76.05000305,83.30039978,14.1225
22-08-2024,77.22000122,83.31500244,13.495
23-08-2024,79.01999664,83.31680298,13.22
26-08-2024,81.43000031,83.26709747,12.995
27-08-2024,79.55000305,83.28639984,13.0025
28-08-2024,78.65000153,83.05220032,13.0525
29-08-2024,79.94000244,83.14569855,13.3875
30-08-2024,78.80000305,83.20649719,13.0375
03-09-2024,73.75,83.36560059,13.7625
04-09-2024,72.69999695,83.32089996,14.395
05-09-2024,72.69000244,83.45079803,14.6225
06-09-2024,71.05999756,83.09339905,13.97
09-09-2024,71.83999634,83.62940216,14.6325
10-09-2024,69.19000244,83.38079834,14.29
11-09-2024,70.61000061,83.47309875,14.515
12-09-2024,71.97000122,83.52760315,15.51
13-09-2024,71.61000061,83.52980042,15.55
16-09-2024,72.75,83.59680176,15.9025
17-09-2024,73.69999695,83.53430176,16.6875
18-09-2024,73.65000153,83.52210236,16.1225
19-09-2024,74.87999725,83.55180359,14.8675
20-09-2024,74.48999786,83.51010132,14.94
23-09-2024,73.90000153,83.37409973,14.47
24-09-2024,75.16999817,83.41950226,14.27
25-09-2024,73.45999908,83.60160065,14.59
26-09-2024,71.59999847,83.5625,15.435
27-09-2024,71.98000336,83.46040344,14.775
30-09-2024,71.76999664,83.41459656,15.1675
01-10-2024,73.55999756,83.58039856,15.6625
02-10-2024,73.90000153,83.45089722,15.99
03-10-2024,77.62000275,83.36750031,16.0975
04-10-2024,78.05000305,83.44129944,15.3025
07-10-2024,80.93000031,83.47910309,15.305
08-10-2024,77.18000031,83.49120331,14.625
09-10-2024,76.58000183,83.49340057,15.205
10-10-2024,79.40000153,83.4720993,14.425
11-10-2024,79.04000092,83.45760345,14.7
14-10-2024,77.45999908,83.49299622,14.3725
15-10-2024,74.25,83.49590302,14.45
16-10-2024,74.22000122,83.51850128,14.5275
17-10-2024,74.44999695,83.52030182,14.14
18-10-2024,73.05999756,83.58760071,14.1075
21-10-2024,74.29000092,83.52960205,13.7775
22-10-2024,76.04000092,83.57209778,13.2675
23-10-2024,74.95999908,83.67430115,13.19
24-10-2024,74.37999725,83.7303009,13.0525
25-10-2024,76.05000305,83.6713028,14.02
28-10-2024,71.41999817,83.70680237,14.485
29-10-2024,71.12000275,83.74299622,14.3725
30-10-2024,72.55000305,83.73760223,14.51
31-10-2024,73.16000366,83.72779846,15.0725
01-11-2024,73.09999847,83.75050354,13.52
04-11-2024,75.08000183,83.73899841,13.1775
05-11-2024,75.52999878,83.71779633,14.035
06-11-2024,74.91999817,83.74389648,13.2375
07-11-2024,75.62999725,83.73529816,13.9725
08-11-2024,73.87000275,84.00260162,14.4475
11-11-2024,71.83000183,83.93489838,14.5075
12-11-2024,71.88999939,83.94239807,13.7375
13-11-2024,72.27999878,83.98899841,13.54
14-11-2024,72.55999756,83.94979858,15.65
15-11-2024,71.04000092,83.88999939,14.66
18-11-2024,73.30000305,83.88200378,14.465
19-11-2024,73.30999756,83.97149658,14.6575
20-11-2024,72.80999756,83.94830322,14.915
21-11-2024,74.23000336,83.88980103,15.9975
22-11-2024,75.16999817,83.87860107,15.47
25-11-2024,73.01000214,83.77940369,15.2575
26-11-2024,72.80999756,83.88860321,15.465
27-11-2024,72.83000183,83.94059753,15.7475
29-11-2024,72.94000244,83.813797,16.415
02-12-2024,71.83000183,83.88369751,17.055
03-12-2024,73.62000275,83.92160034,16.7725
04-12-2024,72.30999756,83.9414978,16.695
05-12-2024,72.08999634,83.89510345,16.745
06-12-2024,71.12000275,83.86380005,18.1325
09-12-2024,72.13999939,83.9272995,18.195
10-12-2024,72.19000244,83.95030212,18.64
11-12-2024,73.51999664,83.98249817,17.39
12-12-2024,73.41000366,83.9835968,16.2475
13-12-2024,74.48999786,83.98259735,14.095
16-12-2024,73.91000366,83.98090363,14.3525
17-12-2024,73.19000244,83.98200226,14.0175
18-12-2024,73.38999939,83.99259949,14.0825
19-12-2024,72.87999725,83.93479919,14.175
20-12-2024,72.94000244,83.88480377,13.685
23-12-2024,72.62999725,83.88400269,14.445
24-12-2024,73.58000183,83.77059937,14.87
26-12-2024,73.26000214,83.6917038,14.895
27-12-2024,74.16999817,83.61470032,14.955
30-12-2024,74.38999939,83.48709869,15.015
31-12-2024,74.63999939,83.55960083,15.7225
02-01-2025,75.93000031,83.56759644,15.665
03-01-2025,76.51000214,83.62409973,15.42
06-01-2025,76.30000305,83.61710358,14.6825
07-01-2025,77.05000305,83.71640015,14.53
08-01-2025,76.16000366,83.82730103,14.4425
09-01-2025,76.91999817,83.87210083,13.715
10-01-2025,79.76000214,83.91960144,13.3075
13-01-2025,81.01000214,84.00939941,13.91
14-01-2025,79.91999817,84.02780151,13.7625
15-01-2025,82.02999878,83.9641037,13.83
16-01-2025,81.29000092,83.91459656,13.67
17-01-2025,80.79000092,83.94219971,13.725
21-01-2025,79.29000092,83.94599915,13.47
22-01-2025,79,84.16829681,13.985
23-01-2025,78.29000092,84.04850006,14.0725
24-01-2025,78.5,84.05619812,13.6925
27-01-2025,77.08000183,84.03929901,13.28
28-01-2025,77.48999786,84.05380249,13.415
29-01-2025,76.58000183,84.0687027,13.21
30-01-2025,76.87000275,84.07350159,13.2975
31-01-2025,76.76000214,84.08399963,12.6025
03-02-2025,75.95999908,84.06759644,12.575
04-02-2025,76.19999695,84.08180237,13.7
05-02-2025,74.61000061,84.10199738,13.635
06-02-2025,74.29000092,84.10279846,13.47
07-02-2025,74.66000366,84.08930206,13.3
10-02-2025,75.87000275,84.0891037,12.7175
11-02-2025,77,84.09149933,
12-02-2025,75.18000031,84.13359833,
13-02-2025,75.01999664,84.15249634,
14-02-2025,74.73999786,84.11630249,
18-02-2025,75.83999634,84.25119781,
19-02-2025,76.04000092,84.30639648,
20-02-2025,76.48000336,84.38289642,
21-02-2025,74.43000031,84.39649963,
24-02-2025,74.77999878,84.39530182,
25-02-2025,73.01999664,84.42299652,
26-02-2025,72.52999878,84.47380066,
27-02-2025,74.04000092,84.47750092,
28-02-2025,73.18000031,84.39849854,
03-03-2025,71.62000275,84.39759827,
04-03-2025,71.04000092,84.38310242,
05-03-2025,69.30000305,84.48829651,
06-03-2025,69.45999908,84.43599701,
07-03-2025,70.36000061,84.37750244,
10-03-2025,69.27999878,84.3391037,
11-03-2025,69.55999756,84.42030334,
12-03-2025,70.94999695,84.47160339,
13-03-2025,69.87999725,84.55699921,
14-03-2025,70.58000183,84.73709869,
17-03-2025,71.06999969,84.68309784,
18-03-2025,70.55999756,84.70700073,
19-03-2025,70.77999878,84.68379974,
20-03-2025,72,84.66600037,
21-03-2025,72.16000366,84.84729767,
24-03-2025,73,84.87400055,
25-03-2025,73.01999664,84.85710144,
26-03-2025,73.79000092,84.83920288,
27-03-2025,74.02999878,84.80200195,
28-03-2025,73.62999725,84.91729736,
